ts,cpu_usage_s,cpu_pressure_some_s,runq_wait_s,mem_bytes,cg_usage_usec,cg_press_some_total_us,node_load1
1788847177.032474053,875.900637,1.380715,4.605038375,1.8797568e+09,875933440,1380754,3.32
1788847179.062464298,880.043688,1.385679,4.619179322,1.880571904e+09,880074474,1385712,3.85
1788847181.092649317,884.187024,1.390062,4.630306709,1.881554944e+09,884221654,1390193,3.85
1788847183.126092656,888.332392,1.394113,4.638705442,1.882406912e+09,888363322,1394147,3.85
1788847185.155531440,892.468054,1.397438,4.640803256,1.882669056e+09,892499102,1397489,3.70
1788847187.184823939,896.601528,1.405297,4.666494875,1.883082752e+09,896634344,1405334,3.70
1788847189.214751083,900.748852,1.409854,4.680115352,1.883582464e+09,900781521,1409906,4.21
1788847191.245207544,904.895908,1.414748,4.686445738,1.884389376e+09,904946973,1416902,4.21
1788847193.289567821,909.064275,1.422892,4.713564996,1.88524544e+09,909097346,1422930,4.03
1788847195.320033937,913.206969,1.426838,4.719299504,1.886437376e+09,913238099,1426895,4.03
1788847197.349830169,917.346736,1.431434,4.732103294,1.886724096e+09,917379678,1431481,4.03
1788847199.380140773,921.490109,1.442436,4.768108107,1.887772672e+09,921522181,1442488,4.67
1788847201.410900295,925.59402,1.467243,4.917137297,1.887596544e+09,925630770,1467357,4.67
1788847203.443765230,929.747307,1.471895,4.935498146,1.888374784e+09,929789290,1474508,4.45
1788847205.481763012,933.920905,1.488378,5.007751321,1.890840576e+09,933953902,1488436,4.45
1788847207.513269493,938.052124,1.520907,5.146036141,1.891209216e+09,938089228,1520994,4.45
1788847209.547645694,942.174717,1.55847,5.33733912,1.892245504e+09,942205225,1558539,4.58
1788847211.577237755,946.330625,1.576546,5.421605879,1.893019648e+09,946369661,1576787,4.58
1788847213.611868583,950.488108,1.58131,5.428266057,1.893257216e+09,950522961,1581410,4.45
1788847215.643541955,954.65466,1.585437,5.430689493,1.893982208e+09,954693785,1585490,4.45
1788847217.677039295,958.834898,1.596865,5.476039416,1.89474816e+09,958878759,1598190,4.45
1788847219.719630262,962.999059,1.622008,5.605060515,1.89566976e+09,963067633,1633869,4.66
1788847221.779824184,967.174531,1.658413,5.727565518,1.896493056e+09,967205578,1658450,4.66
1788847223.809382120,971.309762,1.661721,5.731802598,1.897545728e+09,971342634,1661802,4.44
1788847225.839648774,975.446034,1.665722,5.740747646,1.897979904e+09,975479020,1665806,4.44
1788847227.870305764,979.590858,1.672059,5.759138145,1.898262528e+09,979623544,1672244,4.44
1788847229.901209803,983.741881,1.680704,5.785035886,1.89884416e+09,983774655,1680736,4.89
1788847231.932128637,987.900418,1.697768,5.858221176,1.899556864e+09,987937514,1697863,4.89
1788847233.967597323,992.079473,1.712575,5.900309313,1.900609536e+09,992141675,1717040,4.66
1788847236.024333989,996.265459,1.721197,5.92069744,1.901326336e+09,996304616,1721283,4.66
1788847238.061557139,1000.411003,1.73598,5.966571841,1.902313472e+09,1000445602,1736036,4.66
1788847240.092468028,1004.556771,1.742615,5.983461336,1.902698496e+09,1004589773,1742673,5.57
1788847242.123170969,1008.708183,1.747002,5.990973768,1.903071232e+09,1008738999,1747054,5.57
1788847244.153766113,1012.838384,1.752941,6.015903207,1.938845696e+09,1012869180,1752976,5.28
1788847246.182798317,1016.919486,1.781535,6.243451689,1.939202048e+09,1016960236,1782375,5.28
1788847248.218593153,1021.078523,1.786855,6.265900453,1.939648512e+09,1021118694,1788655,5.42
1788847250.253577920,1025.243325,1.800731,6.327754986,1.940578304e+09,1025286770,1800879,5.42
1788847252.294100158,1029.249329,1.930296,6.854608096,1.939931136e+09,1029293987,1934180,5.42
1788847254.338500672,1033.420533,1.95375,6.933264204,1.940717568e+09,1033470773,1957463,5.47
1788847256.384619879,1037.525274,2.017402,7.170289717,1.941315584e+09,1037568909,2021476,5.47
1788847258.430409389,1041.628463,2.09577,7.434991552,1.941286912e+09,1041671660,2102907,5.67
1788847260.474528048,1045.70391,2.177478,7.750675002,1.942065152e+09,1045751416,2181391,5.67
1788847262.517860969,1049.734761,2.274391,8.170786873,1.941721088e+09,1049768722,2275439,5.67
1788847264.550417852,1053.849246,2.328124,8.401684581,1.942126592e+09,1053894234,2334727,5.70
1788847266.596101605,1057.742309,2.585596,9.149549637,1.942585344e+09,1057856690,2605667,5.70
1788847268.683665306,1061.866239,2.755161,9.609211182,1.94301952e+09,1061921411,2759107,5.96
1788847270.741991273,1065.937036,2.907905,10.129421656,1.943543808e+09,1066052630,2927269,5.96
1788847272.836274242,1069.827674,3.209903,11.001950295,1.943748608e+09,1069877131,3216736,5.96
1788847274.886767358,1073.852039,3.331492,11.439162055,1.943932928e+09,1073897869,3337682,6.84
1788847276.930823882,1077.677838,3.527599,12.187857334,1.944629248e+09,1077735776,3538487,6.84
1788847278.989758141,1081.619773,3.785203,12.942652463,1.94514944e+09,1081733351,3795518,6.94
1788847281.091977436,1085.710406,3.925433,13.398933606,1.945628672e+09,1085770854,3939615,6.94
1788847283.149762024,1089.53593,4.208509,14.241736001,1.945280512e+09,1089578930,4218039,6.94
1788847285.199226197,1093.589362,4.310846,14.65058683,1.945726976e+09,1093641245,4321087,7.10
1788847287.255234485,1097.427831,4.586459,15.527890702,1.946386432e+09,1097472726,4591915,7.10
1788847289.299097126,1101.088732,4.869916,16.4935381,1.947496448e+09,1101140170,4873748,7.33
1788847291.346842602,1105.130489,4.995287,16.943230354,1.947508736e+09,1105176548,5003722,7.33
1788847293.397426703,1109.166542,5.119784,17.49253766,1.947860992e+09,1109221985,5128970,7.31
1788847295.449914688,1113.252308,5.211566,17.84632711,1.949495296e+09,1113356146,5262808,7.31
1788847297.556036462,1116.873886,5.561278,18.968716927,1.949872128e+09,1116926139,5566526,7.31
1788847299.604318550,1120.943096,5.681481,19.327557255,1.949966336e+09,1120989996,5684078,7.28
1788847301.648860678,1124.981593,5.756986,19.661519761,1.95043328e+09,1125047926,5764391,7.28
1788847303.704205708,1129.168553,5.796368,19.792587732,1.951219712e+09,1129210797,5800537,7.18
1788847305.746675265,1133.353319,5.823256,19.876680633,1.952161792e+09,1133420285,5828349,7.18
1788847307.803506522,1137.295164,5.995639,20.4897455,1.95278848e+09,1137460382,6033969,7.18
1788847309.939183816,1140.723188,6.575997,22.066970719,1.952935936e+09,1140747491,6603894,7.81
1788847311.993841684,1144.509351,6.96523,23.058301917,1.953374208e+09,1144694648,7001885,7.81
1788847314.151412893,1148.795293,7.062034,23.35819467,1.954308096e+09,1148838985,7065493,7.74
1788847316.194438627,1152.978221,7.099163,23.465638005,1.954861056e+09,1153019078,7106936,7.74
1788847318.240424011,1157.077199,7.190322,23.732875316,1.9560448e+09,1157125171,7200052,7.68
1788847320.288189992,1161.057654,7.320387,24.251520954,1.955897344e+09,1161097302,7329841,7.68
1788847322.332538707,1164.678529,7.659264,25.58231551,1.95637248e+09,1164780607,7764609,7.68
1788847324.504332930,1168.660254,8.083649,26.675523704,1.96343808e+09,1168711282,8089518,7.87
1788847326.601580041,1172.582434,8.297684,27.389272955,1.96845568e+09,1172604667,8324553,7.87
1788847328.649479949,1176.639925,8.401671,27.713261866,1.973641216e+09,1176674149,8423032,7.88
1788847330.703732275,1180.738478,8.477583,27.935963134,1.973354496e+09,1180780418,8483242,7.88
1788847332.743900380,1184.802417,8.578561,28.291042578,1.978585088e+09,1184852828,8580800,7.88
1788847334.788852315,1188.990705,8.597183,28.350361532,1.983336448e+09,1189036554,8601003,7.81
1788847336.832857978,1192.99278,8.656886,28.568028437,1.850802176e+09,1193038554,8660497,7.81
1788847338.877808479,1197.072534,8.757616,28.894697332,1.82335488e+09,1197132147,8764157,8.30
1788847340.933223825,1201.259435,8.795512,29.016126818,1.823084544e+09,1201305192,8796586,8.30
1788847342.975274764,1205.289626,8.923302,29.378886058,1.82370304e+09,1205324319,8925800,8.30
1788847345.007995627,1209.452387,8.9591,29.482592426,1.824559104e+09,1209497831,8964003,8.20
1788847347.052644208,1213.578057,9.026701,29.69461788,1.825247232e+09,1213621569,9029792,8.20
1788847349.096543552,1217.618418,9.145638,30.110155156,1.822752768e+09,1217666213,9151295,8.74
1788847351.145521871,1221.824786,9.173639,30.212521447,1.823555584e+09,1221881198,9185969,8.74
1788847353.212947713,1225.935055,9.266715,30.52970118,1.824935936e+09,1225979780,9269990,8.77
1788847355.253863733,1230.110675,9.293908,30.6157471,1.825554432e+09,1230155450,9296130,8.77
1788847357.295008019,1234.045276,9.564834,31.282360806,1.82622208e+09,1234098388,9569695,8.77
1788847359.341234712,1238.121615,9.704068,31.657026005,1.82669312e+09,1238174075,9711386,9.26
1788847361.389701692,1242.264711,9.78837,31.877664835,1.831407616e+09,1242311809,9793746,9.26
1788847363.434324484,1246.389681,9.857199,32.103195499,1.832001536e+09,1246435701,9863523,9.00
1788847365.478065784,1250.221486,10.208233,33.054450508,1.83291904e+09,1250322107,10223937,9.00
1788847367.559875809,1254.180313,10.40825,33.692718903,1.833496576e+09,1254241798,10413643,9.00
1788847369.612121163,1258.254207,10.516402,34.042876373,1.832931328e+09,1258298676,10518051,9.56
1788847371.655223129,1262.38691,10.608396,34.295858184,1.833816064e+09,1262441534,10611609,9.56
1788847373.705979298,1266.536256,10.683316,34.494577169,1.834602496e+09,1266582533,10685797,9.28
1788847375.748629904,1270.706958,10.731974,34.639083784,1.8354176e+09,1270746433,10737128,9.28
1788847377.793266487,1274.842501,10.834684,34.897396945,1.835876352e+09,1274886199,10840901,9.28
1788847379.837250055,1278.878451,10.968608,35.349684126,1.83584768e+09,1278924818,10973857,9.58
1788847381.885438737,1282.978645,11.028003,35.605470945,1.836675072e+09,1283025137,11031006,9.58
1788847383.928553594,1286.999653,11.123317,35.998964715,1.837744128e+09,1287050337,11125386,11.61
1788847385.973017724,1291.121918,11.169825,36.236731395,1.838604288e+09,1291156792,11169894,11.61
1788847388.005232453,1295.265495,11.187413,36.295925062,1.839099904e+09,1295298275,11187491,11.61
1788847390.035675649,1299.40951,11.192819,36.3168247,1.839161344e+09,1299442414,11192849,11.00
1788847392.066076878,1303.555676,11.1977,36.333577013,1.852583936e+09,1303588865,11197748,11.00
1788847394.096817174,1307.697861,11.203187,36.343604861,1.85307136e+09,1307728710,11203236,10.28
1788847396.127609605,1311.834799,11.207982,36.351756642,1.853669376e+09,1311869843,11208020,10.28
1788847398.158871229,1315.999498,11.216011,36.384224173,1.854308352e+09,1316040617,11217161,10.28
1788847400.195649961,1320.137164,11.255427,36.531882102,1.854435328e+09,1320174283,11255503,10.18
1788847402.228122539,1324.291517,11.260894,36.543980414,1.855483904e+09,1324326364,11260930,10.18
1788847404.260863725,1328.432248,11.266137,36.558273401,1.85540608e+09,1328465333,11266169,9.60
1788847406.291127058,1332.571114,11.272062,36.575049171,1.855803392e+09,1332606257,11272133,9.60
1788847408.323482134,1336.718801,11.277114,36.585840091,1.856540672e+09,1336758717,11277705,9.07
1788847410.359840426,1340.883492,11.2819,36.592882435,1.857273856e+09,1340920300,11282060,9.07
1788847412.392719508,1345.038205,11.296727,36.666526573,1.85841664e+09,1345075318,11296809,9.07
1788847414.426184700,1349.19022,11.3014,36.676723779,1.859219456e+09,1349223294,11301462,8.51
1788847416.457212959,1353.337036,11.30814,36.707957004,1.860222976e+09,1353367706,11308171,8.51
1788847418.487044015,1357.469693,11.323158,36.781034571,1.859907584e+09,1357506726,11323224,8.23
1788847420.519365697,1361.627288,11.32732,36.785605267,1.860345856e+09,1361662077,11327358,8.23
1788847422.550537745,1365.771022,11.33225,36.799156446,1.861165056e+09,1365801935,11332294,8.23
1788847424.580869704,1369.901751,11.335528,36.810094306,1.861922816e+09,1369932841,11335563,7.73
1788847426.611029887,1374.043823,11.341573,36.83112952,1.862742016e+09,1374074541,11341608,7.73
1788847428.640331796,1378.195177,11.34617,36.842936399,1.863794688e+09,1378228144,11346209,7.59
1788847430.671679965,1382.333561,11.350075,36.850436547,1.86458112e+09,1382370646,11350116,7.59
1788847432.703743093,1386.482875,11.357293,36.878134853,1.864753152e+09,1386519899,11357394,7.59
1788847434.737634949,1390.621102,11.36165,36.884474242,1.86513408e+09,1390653800,11361703,7.22
1788847436.768053704,1394.764523,11.368105,36.899601969,1.86597376e+09,1394795378,11368134,7.22
1788847438.796780343,1398.905068,11.373926,36.917292295,1.86679296e+09,1398942399,11374071,6.88
1788847440.828878025,1403.050257,11.377759,36.922119426,1.867657216e+09,1403082999,11377794,6.88
1788847442.859238570,1407.19051,11.384736,36.947380616,1.86902528e+09,1407225344,11384804,6.88
1788847444.890916510,1411.321203,11.388669,36.952088336,1.870114816e+09,1411351921,11388709,6.57
1788847446.919664842,1415.46008,11.393805,36.965494448,1.87006976e+09,1415491255,11393869,6.57
1788847448.949235323,1419.599365,11.401731,36.999162488,1.892102144e+09,1419632191,11401781,6.45
1788847450.979606276,1423.752499,11.405755,37.003624738,1.8927616e+09,1423783268,11405794,6.45
1788847453.009267795,1427.893849,11.415679,37.043994132,1.893011456e+09,1427924547,11415720,6.45
1788847455.038686478,1432.030779,11.419131,37.048209999,1.893318656e+09,1432066083,11419184,6.33
1788847457.069291918,1436.185652,11.423156,37.058494804,1.894137856e+09,1436218593,11423202,6.33
1788847459.100612158,1440.335177,11.428908,37.070371366,1.894289408e+09,1440370146,11428957,6.30
1788847461.131459617,1444.476193,11.432499,37.076195815,1.894178816e+09,1444508777,11434055,6.30
1788847463.165501823,1448.619139,11.439794,37.100280165,1.894637568e+09,1448650130,11439819,6.30
1788847465.195519720,1452.751521,11.443421,37.110756997,1.89507584e+09,1452784498,11443927,6.12
1788847467.226595344,1456.889732,11.454696,37.166702494,1.89609984e+09,1456922499,11454747,6.12
1788847469.256219307,1461.028084,11.459119,37.179284273,1.896730624e+09,1461060939,11459156,5.87
1788847471.287445554,1465.175806,11.463074,37.187799848,1.89806592e+09,1465215737,11464011,5.87
1788847473.323550144,1469.328208,11.468526,37.197020898,1.89693952e+09,1469365203,11468571,5.56
1788847475.356505262,1473.469443,11.472385,37.198502785,1.897701376e+09,1473504456,11472459,5.56
1788847477.388754375,1477.632789,11.480253,37.223941657,1.898409984e+09,1477670916,11482519,5.56
1788847479.425103059,1481.775347,11.488727,37.250245733,1.899208704e+09,1481806323,11488764,5.43
1788847481.455424001,1485.923425,11.495008,37.269372894,1.900036096e+09,1485960571,11495083,5.43
1788847483.488050659,1490.072404,11.498989,37.274617227,1.900883968e+09,1490105273,11499020,5.16
1788847485.519006220,1494.207894,11.50215,37.277330195,1.901408256e+09,1494240751,11502199,5.16
1788847487.550361354,1498.364685,11.510837,37.305779156,1.90152704e+09,1498409918,11512162,5.16
1788847489.591737744,1502.536026,11.53478,37.395329988,1.90244864e+09,1502573071,11534842,5.47
1788847491.625053876,1506.699249,11.539867,37.412834104,1.903046656e+09,1506732180,11539924,5.47
1788847493.656595807,1510.849476,11.544762,37.429535977,1.904357376e+09,1510884661,11544812,5.51
1788847495.689013022,1514.987729,11.548354,37.432990848,1.905045504e+09,1515018600,11548396,5.51
1788847497.719026811,1519.131546,11.552788,37.444136137,1.905483776e+09,1519162425,11552821,5.51
1788847499.748975161,1523.280051,11.558701,37.465389761,1.905471488e+09,1523320569,11559938,5.47
1788847501.785393992,1527.455533,11.576843,37.531535,1.906118656e+09,1527492205,11576952,5.47
1788847503.818065293,1531.602937,11.582472,37.548136872,1.908391936e+09,1531634815,11582508,5.19
1788847505.847238454,1535.738232,11.585598,37.549695933,1.909383168e+09,1535781573,11585665,5.19
1788847507.884637970,1539.894576,11.591244,37.572441093,1.910607872e+09,1539925378,11591281,5.19
1788847509.915311247,1544.042577,11.598134,37.594030506,1.911005184e+09,1544075604,11598182,5.09
1788847511.945769166,1548.195761,11.605613,37.615480911,1.911586816e+09,1548228737,11605664,5.09
1788847513.977417357,1552.339601,11.608988,37.618572214,1.9116032e+09,1552372185,11609027,4.85
1788847516.007642425,1556.475781,11.613539,37.628177563,1.912307712e+09,1556510829,11613583,4.85
1788847518.038448049,1560.619409,11.617024,37.634411653,1.913106432e+09,1560656318,11617163,4.85
1788847520.071291018,1564.773525,11.623785,37.650437348,1.914028032e+09,1564806076,11623836,4.86
1788847522.101336818,1568.920786,11.628617,37.667774787,1.914953728e+09,1568953766,11628683,4.86
1788847524.131930632,1573.069667,11.63185,37.671775896,1.91604736e+09,1573104943,11631915,4.63
1788847526.164242437,1577.216075,11.642243,37.701300801,1.915564032e+09,1577251530,11642305,4.63
1788847528.196766025,1581.372145,11.649453,37.717369918,1.916407808e+09,1581410828,11650878,4.63
1788847530.233574959,1585.521667,11.655686,37.738322716,1.917231104e+09,1585554493,11655731,4.58
1788847532.263387957,1589.66732,11.660297,37.748849112,1.918128128e+09,1589698077,11660337,4.58
1788847534.293139058,1593.758168,11.676521,37.828861488,1.91967232e+09,1593791048,11676561,4.37
1788847536.323994495,1597.911167,11.683225,37.851769902,1.920753664e+09,1597958029,11684327,4.37
1788847538.369019501,1602.079297,11.689963,37.878769429,1.920004096e+09,1602114213,11690017,4.50
1788847540.401190522,1606.220823,11.694802,37.89030932,1.921056768e+09,1606251622,11694852,4.50
1788847542.431281662,1610.372383,11.701456,37.910809498,1.92169984e+09,1610405106,11701497,4.50
1788847544.461153045,1614.510872,11.704931,37.916825379,1.922691072e+09,1614543629,11704971,4.30
1788847546.491782769,1618.658139,11.710575,37.931109514,1.923444736e+09,1618689610,11710642,4.30
1788847548.522478424,1622.799767,11.715406,37.942658338,1.924952064e+09,1622835779,11715497,4.20
1788847550.554650656,1626.949165,11.720789,37.961644921,1.924169728e+09,1626996287,11722470,4.20
1788847552.594202919,1631.111283,11.728907,37.992424663,1.92503808e+09,1631143297,11728947,4.20
1788847554.623547591,1635.250929,11.731798,37.995671988,1.92589824e+09,1635283912,11731842,4.02
1788847556.653573223,1639.389525,11.735753,38.007965585,1.9269632e+09,1639424334,11735779,4.02
1788847558.685245090,1643.532241,11.741203,38.024674548,1.927819264e+09,1643566969,11741251,4.18
1788847560.717215815,1647.680541,11.745292,38.030798137,1.92894976e+09,1647713248,11745329,4.18
1788847562.747755048,1651.828099,11.750465,38.044936598,1.929056256e+09,1651863141,11750513,4.18
1788847564.780167782,1655.966292,11.755358,38.052907522,1.92966656e+09,1655999154,11755690,4.01
1788847566.814041564,1660.104861,11.763736,38.074188753,1.964785664e+09,1660137766,11763787,4.01
1788847568.844946152,1664.252964,11.770403,38.092512829,1.964957696e+09,1664285846,11770448,4.17
1788847570.875958068,1668.404659,11.773769,38.09818383,1.965633536e+09,1668439653,11773815,4.17
1788847572.907474834,1672.561594,11.781552,38.126576083,1.965993984e+09,1672596495,11781589,4.17
1788847574.939565870,1676.704792,11.785084,38.135938909,1.967403008e+09,1676742083,11785137,4.07
1788847576.971736248,1680.855586,11.789657,38.147886489,1.966256128e+09,1680892657,11789698,4.07
1788847579.005150730,1685.024643,11.80991,38.241317076,1.966706688e+09,1685070118,11809991,4.31
1788847581.045539049,1689.205295,11.813983,38.252310887,1.967243264e+09,1689240110,11814024,4.31
1788847583.076717350,1693.341482,11.822167,38.284423085,1.967644672e+09,1693376091,11822225,4.31
1788847585.107510864,1697.47899,11.825724,38.288299706,1.968173056e+09,1697511979,11825754,4.12
1788847587.137878849,1701.624278,11.832393,38.307966321,1.968685056e+09,1701657105,11832429,4.12
1788847589.167608516,1705.772479,11.839047,38.334073617,1.969033216e+09,1705807552,11839093,4.11
1788847591.199972974,1709.953566,11.848011,38.366616993,1.9689472e+09,1709992440,11853267,4.11
1788847593.238964155,1714.111697,11.863459,38.426642545,1.96962304e+09,1714144680,11863492,4.11
1788847595.269491145,1718.252104,11.86715,38.432164505,1.969872896e+09,1718284910,11867189,4.02
1788847597.299562492,1722.409419,11.877264,38.469654265,1.970311168e+09,1722445197,11877342,4.02
1788847599.331085848,1726.553838,11.893023,38.540459142,1.971191808e+09,1726586803,11893076,4.18
1788847601.362354129,1730.713774,11.900125,38.575578528,1.971326976e+09,1730756960,11900236,4.18
1788847603.401483532,1734.89414,11.904765,38.583204814,1.971470336e+09,1734929197,11904828,4.09
1788847605.433169701,1739.059344,11.912881,38.602194763,1.971920896e+09,1739096506,11912943,4.09
1788847607.465746362,1743.218945,11.918105,38.626176688,1.972707328e+09,1743253987,11918177,4.09
1788847609.497533312,1747.377195,11.930227,38.665163529,1.973686272e+09,1747414402,11930281,4.16
1788847611.530135646,1751.542532,11.940704,38.703802825,1.974468608e+09,1751589750,11941276,4.16
1788847613.570699523,1755.720264,11.945636,38.715025804,1.974484992e+09,1755755387,11945690,4.15
1788847615.602379775,1759.862909,11.950155,38.727923889,1.975095296e+09,1759896032,11950202,4.15
1788847617.632955806,1764.005655,11.955542,38.740204467,1.975926784e+09,1764038464,11955591,4.15
1788847619.663822875,1768.152839,11.964277,38.761845597,1.976569856e+09,1768185365,11964312,4.21
1788847621.693694245,1772.292585,11.969873,38.777830109,1.977315328e+09,1772325452,11969912,4.21
1788847623.723571421,1776.426136,11.972838,38.778897619,1.978179584e+09,1776462231,11972875,4.12
1788847625.755019364,1780.581359,11.977809,38.788664423,1.981415424e+09,1780616645,11977857,4.12
1788847627.787093754,1784.729524,11.985443,38.812965261,1.98117376e+09,1784762564,11985490,4.12
1788847629.817987948,1788.87539,11.991523,38.833226323,1.981841408e+09,1788906048,11991587,4.27
1788847631.848287097,1793.016356,11.997409,38.857273422,1.982148608e+09,1793049317,11997450,4.27
1788847633.879063307,1797.059209,12.001804,38.866057964,1.8448384e+09,1797090048,12001881,4.01
1788847635.909162870,1801.202393,12.005675,38.870902593,1.846550528e+09,1801235577,12005753,4.01
1788847637.939845154,1805.350976,12.010256,38.88740232,1.826213888e+09,1805383945,12010296,4.01
1788847639.970478459,1809.498065,12.015243,38.904592999,1.826521088e+09,1809530808,12015280,4.01
1788847642.001060898,1813.644034,12.022027,38.923212215,1.82714368e+09,1813674816,12022059,4.01
1788847644.031368992,1817.781627,12.02547,38.929087492,1.825968128e+09,1817812329,12025508,3.92
1788847646.060557320,1821.922477,12.029418,38.935282352,1.826377728e+09,1821957036,12031040,3.92
1788847648.091708466,1826.063714,12.037614,38.994722382,1.82646784e+09,1826096756,12037678,3.92
1788847650.121076070,1830.198125,12.047538,39.029171549,1.8269184e+09,1830229067,12047580,3.93
1788847652.151432336,1834.337248,12.054189,39.048035482,1.827893248e+09,1834368147,12054242,3.93
1788847654.181306338,1838.474445,12.057302,39.050724748,1.828708352e+09,1838507392,12057347,3.78
1788847656.212014871,1842.619239,12.062827,39.066385351,1.83003136e+09,1842652265,12062878,3.78
1788847658.242558731,1846.764711,12.068373,39.081755817,1.830981632e+09,1846803446,12068507,3.78
1788847660.276983587,1850.914892,12.074289,39.101372511,1.83107584e+09,1850947877,12074334,3.71
1788847662.307296266,1855.060024,12.079271,39.113242282,1.831018496e+09,1855093046,12079334,3.71
1788847664.337844302,1859.201947,12.082282,39.115271156,1.831919616e+09,1859236819,12082345,3.66
1788847666.369491333,1863.345359,12.087673,39.131650903,1.832640512e+09,1863378453,12087713,3.66
1788847668.402136028,1867.509491,12.100205,39.198470064,1.833357312e+09,1867554026,12100417,3.76
1788847670.445309226,1871.691791,12.108022,39.228039268,1.83412736e+09,1871724691,12108060,3.76
1788847672.475633098,1875.837669,12.114518,39.244227266,1.835311104e+09,1875870593,12114579,3.76
1788847674.505651872,1879.972134,12.117853,39.249540388,1.835667456e+09,1880002983,12117888,3.62
1788847676.535071887,1884.113126,12.123925,39.271027636,1.835671552e+09,1884147159,12123974,3.62
1788847678.565519371,1888.25643,12.1283,39.284029322,1.8361344e+09,1888293472,12128844,3.81
1788847680.599647044,1892.427625,12.132886,39.289680855,1.83701504e+09,1892470795,12132986,3.81
1788847682.637829655,1896.593238,12.144854,39.343561842,1.83779328e+09,1896626246,12145169,3.81
1788847684.669102246,1900.736642,12.149487,39.356330755,1.838649344e+09,1900769612,12149536,3.67
1788847686.699458354,1904.88421,12.153109,39.368449451,1.848205312e+09,1904917168,12153167,3.67
1788847688.729538812,1909.037692,12.158016,39.37801843,1.84846336e+09,1909071510,12158068,3.69
1788847690.760718110,1913.184363,12.161866,39.383017498,1.848205312e+09,1913215039,12161900,3.69
1788847692.790559290,1917.321006,12.169164,39.400935052,1.848905728e+09,1917356011,12169203,3.69
1788847694.822573400,1921.480722,12.173347,39.408303992,1.849638912e+09,1921515778,12173983,3.56
1788847696.856921570,1925.62626,12.180655,39.432587575,1.849946112e+09,1925658970,12181687,3.56
1788847698.887712448,1929.772564,12.185162,39.440658643,1.851056128e+09,1929805350,12185238,3.83
1788847700.920382132,1933.908423,12.189206,39.448625978,1.851404288e+09,1933941465,12189244,3.83
1788847702.951044703,1938.045741,12.194582,39.466266322,1.851215872e+09,1938078649,12194627,3.83
1788847704.982262630,1942.189413,12.198057,39.472373416,1.852043264e+09,1942220172,12198102,3.69
1788847707.012113566,1946.333728,12.202716,39.48836584,1.852829696e+09,1946364612,12202765,3.69
1788847709.042176342,1950.482895,12.209218,39.512702071,1.853468672e+09,1950513646,12209254,3.71
1788847711.071832297,1954.61759,12.212801,39.516160579,1.854455808e+09,1954648366,12212855,3.71
1788847713.102603484,1958.753164,12.219192,39.538714639,1.855369216e+09,1958783941,12219228,3.71
1788847715.131838270,1962.890398,12.223964,39.548475118,1.856012288e+09,1962923156,12224006,3.66
1788847717.161783177,1967.035192,12.228893,39.56328933,1.8564096e+09,1967070138,12228936,3.66
1788847719.192834744,1971.161926,12.2354,39.604793198,1.856425984e+09,1971194748,12235455,3.68
1788847721.224445387,1975.302219,12.240094,39.61521293,1.857294336e+09,1975342808,12240354,3.68
1788847723.261093767,1979.460393,12.244205,39.62006028,1.858035712e+09,1979491295,12244240,3.68
1788847725.290612024,1983.602191,12.248654,39.626290928,1.858916352e+09,1983635147,12248691,3.63
1788847727.321191136,1987.749318,12.254402,39.638490948,1.859899392e+09,1987784292,12254439,3.63
1788847729.352326181,1991.902814,12.259951,39.654813622,1.86109952e+09,1991933517,12260004,3.74
1788847731.382034671,1996.048677,12.264295,39.663490008,1.861517312e+09,1996083695,12264347,3.74
1788847733.415971835,2000.189551,12.268443,39.670855673,1.861328896e+09,2000220511,12268504,3.60
1788847735.445683639,2004.324723,12.271501,39.674035114,1.8623488e+09,2004357352,12271542,3.60
1788847737.476349784,2008.466643,12.277394,39.700354044,1.8630656e+09,2008499947,12278213,3.60
1788847739.508379613,2012.613152,12.283015,39.712782843,1.864126464e+09,2012650228,12283078,3.55
1788847741.540617261,2016.759153,12.289121,39.730357846,1.864814592e+09,2016794169,12290183,3.55
1788847743.573698282,2020.899517,12.293474,39.735373725,1.883598848e+09,2020932441,12293513,3.59
1788847745.604213433,2025.03813,12.29734,39.744806082,1.883000832e+09,2025071139,12297415,3.59
1788847747.634657450,2029.184248,12.303255,39.762110661,1.883537408e+09,2029216791,12303315,3.59
1788847749.665527819,2033.327392,12.309154,39.784584277,1.8837504e+09,2033360379,12309201,3.86
1788847751.695869986,2037.469511,12.316339,39.802814697,1.884213248e+09,2037502444,12316380,3.86
1788847753.726640611,2041.614629,12.319812,39.804437729,1.8848768e+09,2041647218,12319852,3.71
1788847755.756440938,2045.765219,12.323928,39.811278774,1.88577792e+09,2045795987,12323983,3.71
1788847757.786793001,2049.921169,12.333941,39.834140958,1.885888512e+09,2049957502,12334504,3.71
1788847759.822386866,2054.085562,12.363337,39.939895668,1.885515776e+09,2054126435,12365458,3.97
1788847761.859979211,2058.244344,12.371304,39.960321536,1.88606464e+09,2058277107,12371356,3.97
1788847763.890562103,2062.381928,12.37486,39.964919503,1.88667904e+09,2062416999,12374905,3.82
1788847765.922227721,2066.525923,12.379062,39.971198237,1.8873344e+09,2066560598,12379858,3.82
1788847767.954438308,2070.673119,12.385711,39.989876408,1.888227328e+09,2070708227,12385785,3.82
1788847769.988295987,2074.82938,12.392197,40.013365789,1.889222656e+09,2074864379,12392266,3.83
1788847772.020118332,2078.979608,12.414948,40.105520014,1.888968704e+09,2079013982,12415031,3.83
1788847774.052589848,2083.1288,12.41849,40.113438606,1.889419264e+09,2083161522,12418936,3.68
1788847776.083393937,2087.285822,12.423356,40.127421773,1.89016064e+09,2087320034,12423829,3.68
1788847778.118562110,2091.430178,12.429301,40.148270817,1.890906112e+09,2091463048,12429337,3.68
1788847780.149056412,2095.579305,12.444675,40.205224922,1.891618816e+09,2095610044,12444712,4.35
1788847782.178656481,2099.71955,12.448625,40.210315509,1.893281792e+09,2099752288,12448671,4.35
1788847784.209205107,2103.859039,12.451989,40.215214056,1.893830656e+09,2103889962,12452027,4.16
1788847786.238498510,2108.008918,12.456124,40.228023057,1.89345792e+09,2108041605,12456171,4.16
1788847788.268048979,2112.145313,12.464578,40.244459725,1.89394944e+09,2112182524,12464925,4.16
1788847790.300975474,2116.295048,12.472352,40.261637822,1.894887424e+09,2116327880,12472393,4.39
1788847792.331968916,2120.434787,12.477361,40.277668149,1.895550976e+09,2120467648,12477406,4.39
1788847794.362636196,2124.57228,12.481059,40.280760334,1.89712384e+09,2124607177,12481109,4.20
1788847796.393546009,2128.718255,12.488435,40.302140959,1.897091072e+09,2128752062,12489481,4.20
1788847798.424696057,2132.86573,12.494528,40.313368305,1.897394176e+09,2132904884,12494599,4.66
1788847800.459581470,2137.022012,12.497898,40.317221133,1.897947136e+09,2137054872,12497940,4.66
1788847802.490431252,2141.171839,12.503595,40.338398834,1.898934272e+09,2141202604,12503637,4.66
1788847804.519846546,2145.308983,12.506769,40.342132003,1.899565056e+09,2145339790,12506805,4.45
1788847806.550383132,2149.451161,12.515679,40.375206793,1.9035136e+09,2149484130,12515724,4.45
1788847808.580965918,2153.597846,12.522784,40.398907958,1.904275456e+09,2153635487,12523912,4.41
1788847810.617147177,2157.745263,12.527277,40.405991626,1.90429184e+09,2157780067,12527405,4.41
1788847812.650125788,2161.897376,12.531944,40.416101807,1.905115136e+09,2161930064,12531971,4.41
1788847814.680804407,2166.038035,12.535276,40.423310496,1.906302976e+09,2166073309,12535303,4.22
1788847816.711797800,2170.196709,12.540154,40.440091731,1.906765824e+09,2170229614,12540195,4.22
1788847818.741788025,2174.337202,12.546744,40.466675309,1.908645888e+09,2174370163,12546791,4.20
1788847820.772703680,2178.473316,12.550863,40.474070288,1.9080192e+09,2178506554,12550939,4.20
1788847822.802729118,2182.610612,12.555596,40.488756095,1.908359168e+09,2182643602,12555647,4.20
1788847824.833533978,2186.748442,12.559112,40.496709736,1.909260288e+09,2186781299,12559147,4.02
1788847826.864578263,2190.891168,12.564367,40.51721334,1.910059008e+09,2190923712,12564411,4.02
1788847828.895916658,2195.031674,12.569079,40.532807229,1.910861824e+09,2195064468,12569141,4.10
1788847830.927483303,2199.173726,12.572105,40.535325906,1.91168512e+09,2199204551,12572133,4.10
1788847832.957197440,2203.319162,12.576123,40.545807744,1.913237504e+09,2203350258,12576167,4.10
1788847834.987124633,2207.449129,12.584064,40.586913491,1.913790464e+09,2207481673,12584155,4.01
1788847837.017365507,2211.592943,12.590649,40.611548733,1.913376768e+09,2211625719,12590697,4.01
1788847839.047499866,2215.73945,12.596643,40.635929111,1.914249216e+09,2215774652,12596687,3.93
1788847841.078383614,2219.879689,12.599437,40.638581216,1.91537152e+09,2219914307,12599555,3.93
1788847843.110291743,2224.02758,12.610065,40.665992659,1.916325888e+09,2224058619,12610099,3.93
1788847845.139837975,2228.169545,12.614009,40.674379648,1.917210624e+09,2228200427,12614060,3.78
1788847847.168967843,2232.327539,12.618237,40.686445489,1.918091264e+09,2232362436,12618288,3.78
1788847849.199293386,2236.486732,12.635723,40.774417769,1.918533632e+09,2236520691,12635787,4.60
1788847851.230387129,2240.651374,12.643882,40.81262381,1.91858688e+09,2240690299,12644001,4.60
1788847853.265794895,2244.804655,12.647721,40.822292076,1.919463424e+09,2244839631,12647769,4.60
1788847855.296450067,2248.938652,12.651517,40.831138225,1.955196928e+09,2248969634,12651578,4.39
1788847857.326247648,2253.083671,12.656141,40.843535494,1.955721216e+09,2253116292,12656200,4.39
1788847859.355930178,2257.24022,12.661624,40.855285556,1.956335616e+09,2257275410,12663189,4.44
1788847861.388572567,2261.400894,12.677506,40.909328438,1.95661824e+09,2261439600,12678033,4.44
1788847863.424749629,2265.566554,12.687914,40.951498393,1.95620864e+09,2265597433,12687965,4.24
1788847865.455038459,2269.711805,12.692983,40.961498654,1.956880384e+09,2269744623,12693033,4.24
1788847867.485782553,2273.855748,12.697402,40.978460459,1.957134336e+09,2273888360,12697471,4.24
1788847869.516320230,2277.997215,12.702946,40.998556001,1.957568512e+09,2278027549,12703207,4.38
1788847871.545552781,2282.143505,12.709023,41.013996094,1.9586048e+09,2282182531,12709452,4.38
1788847873.581186645,2286.287444,12.712332,41.017959955,1.958821888e+09,2286320285,12712370,4.43
1788847875.611706391,2290.43397,12.715597,41.021988743,1.95848192e+09,2290464716,12715638,4.43
1788847877.642040654,2294.57896,12.721802,41.041929714,1.958944768e+09,2294611815,12721849,4.43
1788847879.673087123,2298.732353,12.727277,41.059148003,1.959436288e+09,2298765359,12727347,4.40
1788847881.704789538,2302.88495,12.731485,41.074955901,1.95985408e+09,2302918051,12731524,4.40
1788847883.738318744,2307.026409,12.734869,41.082681369,1.960665088e+09,2307059342,12734919,4.45
1788847885.769304530,2311.165722,12.738495,41.088929461,1.961279488e+09,2311198583,12738546,4.45
1788847887.799989699,2315.309158,12.744303,41.105524264,1.960964096e+09,2315342214,12744346,4.45
1788847889.830401221,2319.462613,12.748281,41.115422971,1.9611648e+09,2319495544,12748320,4.41
1788847891.863300791,2323.610632,12.752452,41.126193587,1.961873408e+09,2323643517,12752503,4.41
1788847893.894098666,2327.757229,12.756163,41.132359368,1.962696704e+09,2327788024,12756207,4.22
1788847895.924447026,2331.893698,12.761131,41.140433764,1.963421696e+09,2331932673,12761702,4.22
1788847897.959776490,2336.047775,12.765301,41.157592682,1.962156032e+09,2336078770,12765341,4.22
1788847899.990010242,2340.189972,12.774158,41.180811816,1.962815488e+09,2340222853,12774226,4.20
1788847902.020500287,2344.328637,12.780309,41.198427845,1.962799104e+09,2344361300,12780493,4.20
1788847904.050640145,2348.457477,12.785819,41.210362081,1.96366336e+09,2348490949,12785859,4.10
1788847906.081261335,2352.602171,12.789244,41.2129608,1.964544e+09,2352645307,12789838,4.10
1788847908.117798896,2356.76612,12.793922,41.22852466,1.96521984e+09,2356797021,12793971,4.10
1788847910.149687170,2360.918869,12.799839,41.24619658,1.96612096e+09,2360951644,12799892,4.10
1788847912.181163952,2365.071934,12.806078,41.255238151,1.967194112e+09,2365106853,12806135,4.10
1788847914.213047922,2369.231275,12.809945,41.259567212,1.967394816e+09,2369268394,12810022,4.01
1788847916.245804237,2373.39659,12.817256,41.280516763,1.96737024e+09,2373441900,12817361,4.01
1788847918.285265082,2377.578182,12.824676,41.299266068,1.968144384e+09,2377623270,12824821,4.01
1788847920.326762626,2381.755934,12.830536,41.317767586,1.969168384e+09,2381791272,12830623,4.41
1788847922.359175309,2385.917075,12.846696,41.37556225,1.969655808e+09,2385956295,12846739,4.41
1788847924.393273016,2390.085737,12.852143,41.382324278,1.97060608e+09,2390122957,12852198,4.29
1788847926.426113603,2394.247048,12.861053,41.414267739,1.971249152e+09,2394284122,12861122,4.29
1788847928.459078469,2398.407398,12.868646,41.438638327,1.971204096e+09,2398447145,12868900,4.59
1788847930.494388640,2402.57128,12.87839,41.467022143,1.97197824e+09,2402604036,12878458,4.59
1788847932.526256552,2406.609566,12.882663,41.478139598,1.814945792e+09,2406640485,12882705,4.59
1788847934.555867909,2410.743329,12.887043,41.483739926,1.8162688e+09,2410775334,12887077,4.38
1788847936.586065823,2414.893181,12.893364,41.501152015,1.816690688e+09,2414928266,12893420,4.38
1788847938.619782358,2419.04326,12.916616,41.623318948,1.817567232e+09,2419090573,12923549,5.15
1788847940.666207108,2423.22238,12.947527,41.696235885,1.820008448e+09,2423259409,12947569,5.15
1788847942.699271801,2427.373853,12.953451,41.712212305,1.820708864e+09,2427406786,12953489,5.15
1788847944.729867842,2431.516637,12.958817,41.724056111,1.821376512e+09,2431547255,12958847,4.90
1788847946.758874998,2435.659689,12.964022,41.742630005,1.821913088e+09,2435690359,12964074,4.90
1788847948.789011203,2439.798128,12.970124,41.755950104,1.822613504e+09,2439831136,12970163,4.75
1788847950.819960488,2443.960368,12.976607,41.775400394,1.823154176e+09,2444005765,12976697,4.75
1788847952.861249693,2448.141256,12.995834,41.857885237,1.823342592e+09,2448176586,12995903,4.75
1788847954.894409014,2452.289551,12.999617,41.862541721,1.82847488e+09,2452320355,12999649,4.53
1788847956.925336789,2456.445618,13.005041,41.88281223,1.828864e+09,2456484813,13005123,4.53
1788847958.960030815,2460.600626,13.013999,41.912078779,1.829494784e+09,2460637161,13014222,4.49
1788847960.996029904,2464.756684,13.018563,41.923373839,1.830309888e+09,2464789508,13018600,4.49
1788847963.027238032,2468.900916,13.024094,41.931442793,1.831370752e+09,2468933861,13024132,4.49
1788847965.057545597,2473.067205,13.028641,41.939059904,1.83105536e+09,2473104523,13028703,4.29
1788847967.089531868,2477.215422,13.033433,41.953229899,1.832083456e+09,2477250416,13033477,4.29
1788847969.121376854,2481.353993,13.045047,41.997888668,1.832415232e+09,2481392539,13045321,4.42
1788847971.155141659,2485.512056,13.051237,42.008603412,1.833148416e+09,2485556480,13051733,4.42
1788847973.194991868,2489.676081,13.056221,42.018875834,1.834283008e+09,2489706949,13056258,4.42
1788847975.224928461,2493.814635,13.059557,42.026543644,1.835053056e+09,2493853375,13059669,4.47
1788847977.259145417,2497.961023,13.064885,42.04764667,1.835986944e+09,2497991829,13064933,4.47
1788847979.288392291,2502.11305,13.06951,42.055876679,1.835954176e+09,2502144076,13069553,4.35
1788847981.318120129,2506.260214,13.073626,42.065673763,1.836388352e+09,2506297440,13073673,4.35
1788847983.350515314,2510.394498,13.077285,42.074324576,1.845878784e+09,2510429206,13077338,4.32
1788847985.381262453,2514.535896,13.081002,42.078578263,1.84612864e+09,2514568666,13081046,4.32
1788847987.411825176,2518.676474,13.089392,42.104285553,1.846550528e+09,2518709019,13089429,4.32
1788847989.441129184,2522.818691,13.095291,42.123874195,1.84743936e+09,2522849387,13095330,4.22
1788847991.471195228,2526.95458,13.10162,42.144173762,1.847975936e+09,2526987430,13101841,4.22
1788847993.501969008,2531.09923,13.105323,42.146864642,1.84832e+09,2531134352,13105369,4.04
1788847995.533513502,2535.247759,13.108992,42.150205562,1.848127488e+09,2535280663,13109036,4.04
1788847997.563565670,2539.391649,13.114986,42.169237982,1.84889344e+09,2539424647,13115033,4.04
1788847999.594024410,2543.543173,13.122282,42.197471359,1.849634816e+09,2543575782,13122326,4.04
1788848001.623337212,2547.685157,13.127711,42.213798409,1.850519552e+09,2547718082,13127747,4.04
1788848003.654317528,2551.825263,13.131072,42.215377651,1.851383808e+09,2551857945,13131140,3.87
1788848005.685320482,2555.967976,13.134383,42.220202324,1.85243648e+09,2556000774,13134446,3.87
1788848007.716423356,2560.107887,13.141702,42.244069359,1.85276416e+09,2560138669,13141758,3.87
1788848009.745659326,2564.245381,13.148216,42.262158397,1.852719104e+09,2564282355,13148278,3.96
1788848011.780572741,2568.283351,13.210174,42.568289694,1.853362176e+09,2568336464,13225697,3.96
1788848013.842484344,2571.530327,13.648012,44.205968535,1.854410752e+09,2571614543,13686029,5.33
1788848015.956346965,2574.723098,14.313011,45.82146189,1.855578112e+09,2574868966,14345490,5.33
1788848018.220456746,2578.15849,15.243759,47.69408407,1.855991808e+09,2578226432,15265779,5.33
1788848020.300870847,2581.31861,16.015121,49.269409659,1.85628672e+09,2581386662,16034483,50.23
1788848022.373110161,2585.086647,16.564157,50.388377246,1.857130496e+09,2585143701,16580221,50.23
1788848024.454210098,2588.978033,17.098096,51.477388978,1.857941504e+09,2589029966,17112079,93.21
1788848026.517650158,2592.414701,17.817762,53.03026099,1.858236416e+09,2592456768,17827715,93.21
1788848028.624453059,2595.719376,18.470949,54.558646686,1.858555904e+09,2595799113,18484938,92.07
1788848030.705208878,2598.89052,19.356633,56.364770086,1.859608576e+09,2599011085,19383551,92.07
1788848032.805595676,2602.565792,20.06389,57.811259265,1.859915776e+09,2602613936,20076182,92.07
1788848034.856511693,2605.680979,20.911709,59.565486989,1.860857856e+09,2605772121,20941746,109.44
1788848036.958579927,2609.168014,21.669228,61.134893918,1.861226496e+09,2609218330,21677834,109.44
1788848039.011874693,2612.55132,22.396155,62.59361454,1.862197248e+09,2612659310,22448452,127.75
1788848041.127528578,2616.01936,23.150807,64.156133446,1.86288128e+09,2616105547,23168405,127.75
1788848043.200185005,2619.161911,23.907916,65.862795717,1.862979584e+09,2619185671,23934059,127.75
1788848045.256538631,2622.679616,24.631303,67.411825582,1.881423872e+09,2622727528,24641631,133.93
1788848047.316509891,2625.554636,25.558293,69.239555944,1.881726976e+09,2625605920,25568228,133.93
1788848049.370292451,2628.569468,26.41937,70.997562333,1.882230784e+09,2628661809,26505638,128.49
1788848051.488198801,2631.371432,27.433196,73.243906914,1.882411008e+09,2631442863,27448386,128.49
1788848053.564795551,2634.080107,28.556335,75.570977918,1.882587136e+09,2634108936,28570568,125.81
1788848055.622571705,2637.791155,29.206085,76.936188012,1.883082752e+09,2637944275,29226463,125.81
1788848057.744124958,2640.922133,29.916763,78.665603638,1.88299264e+09,2641062201,29950868,125.81
1788848059.929514862,2644.458019,30.695911,80.257925372,1.883471872e+09,2644712337,30748653,139.52
1788848062.122264728,2647.56317,31.596109,82.360301909,1.884008448e+09,2647826063,31713927,139.52
1788848064.407256528,2650.840825,32.498697,84.320813142,1.884008448e+09,2650893768,32542437,178.72
1788848066.488561027,2653.766795,33.403297,86.249727414,1.884348416e+09,2653949609,33458239,178.72
1788848068.643202024,2657.105621,34.148101,87.897895768,1.884966912e+09,2657156518,34166544,202.04
1788848070.701584303,2660.300719,34.801311,89.437440166,1.885888512e+09,2660445540,34828335,202.04
1788848072.811591671,2663.45441,35.466658,91.261670987,1.885495296e+09,2663526109,35485544,202.04
1788848074.889545366,2666.667996,36.270676,92.890852598,1.8861056e+09,2666704264,36280880,203.00
1788848076.937447897,2669.88368,37.056259,94.569712966,1.88686336e+09,2669936599,37081430,203.00
1788848079.010013013,2673.198293,37.808749,96.188280267,1.887653888e+09,2673242499,37825796,196.19
1788848081.074201378,2676.053159,38.55995,98.095940223,1.88762112e+09,2676149882,38578805,196.19
1788848083.158556967,2679.558126,39.194818,99.523730626,1.888591872e+09,2679595128,39234497,196.19
1788848085.221222122,2682.434316,40.105855,101.644056706,1.889271808e+09,2682508971,40120637,213.31
1788848087.294539501,2685.835995,40.77034,103.023939442,1.8895872e+09,2685869604,40799732,213.31
1788848089.356518225,2689.052678,41.711913,104.721232935,1.889849344e+09,2689095728,41726027,209.77
1788848091.467172842,2692.639703,42.389926,106.135776581,1.890639872e+09,2692769562,42421409,209.77
1788848093.572548390,2696.003949,43.12584,107.742910188,1.891524608e+09,2696056198,43187017,217.71
1788848095.771398082,2699.348297,43.902348,109.675512579,1.891442688e+09,2699372164,43928817,217.71
1788848097.816089677,2701.998982,44.903627,111.760439321,1.89218816e+09,2702092095,44931251,217.71
1788848099.902499815,2705.514306,45.627165,113.226278849,1.893208064e+09,2705702440,45700780,211.01
1788848102.063544046,2709.219502,46.366967,114.738888117,1.894674432e+09,2709295192,46383772,211.01
1788848104.140503969,2712.602037,47.123302,116.309165595,1.894957056e+09,2712656915,47134722,203.24
1788848106.196220594,2716.296109,47.884269,118.548556796,1.897086976e+09,2716675971,47957906,203.24
1788848108.893164992,2719.755168,48.737038,120.349890062,1.897754624e+09,2719874430,48776897,194.73
1788848111.002242644,2723.172029,49.218813,122.020555805,1.89749248e+09,2723232607,49235591,194.73
1788848113.070459186,2726.438753,49.811224,123.593166638,1.898020864e+09,2726499223,49827938,194.73
1788848115.140207707,2729.607489,50.644023,125.252537492,1.899331584e+09,2729681838,50657097,212.61
1788848117.219198213,2732.784241,51.504839,127.046724037,1.89968384e+09,2732845123,51518007,212.61
1788848119.287551894,2736.194112,52.190873,128.47565448,1.899454464e+09,2736251148,52202004,219.77
1788848121.353429584,2738.463251,53.816435,130.788138855,1.900408832e+09,2738495253,53855692,219.77
1788848123.415570277,2740.942123,54.961764,133.005152111,1.901154304e+09,2740981867,54970715,248.54
1788848125.465815715,2743.875165,55.653033,134.76748969,1.901469696e+09,2743906418,55687918,248.54
1788848127.532599131,2746.888238,56.532361,136.526517027,1.90205952e+09,2747257420,56698589,248.54
1788848129.858170518,2750.497397,57.460611,138.414115414,1.902465024e+09,2750616743,57486188,271.32
1788848131.953186769,2754.049359,58.145982,139.840371527,1.903439872e+09,2754099604,58165663,271.32
1788848134.031567112,2757.443638,58.753748,141.40850448,1.903230976e+09,2757874387,58880784,297.32
1788848136.365406155,2760.832089,59.740281,143.419842735,1.904500736e+09,2761207932,59861122,297.32
1788848138.680818155,2764.559367,60.570888,145.117216819,1.904959488e+09,2764626202,60626992,321.39
1788848140.766705020,2768.149868,61.296436,146.605320027,1.905856512e+09,2768277327,61322119,321.39
1788848142.884187725,2771.919929,61.941019,147.95631335,1.906307072e+09,2772089428,61994271,321.39
1788848145.030753037,2775.401838,62.729759,149.55623554,1.90646272e+09,2775437296,62769742,323.61
1788848147.132686782,2778.441263,63.621898,151.470453312,1.907257344e+09,2778478496,63634029,323.61
1788848149.182898897,2781.326674,64.453178,153.570511325,1.908187136e+09,2781552851,64569791,306.34
1788848151.483507976,2784.035816,65.529099,156.107695919,1.908662272e+09,2784081458,65536369,306.34
1788848153.529141625,2788.101947,65.630818,156.497305678,1.908944896e+09,2788134409,65630909,282.05
1788848155.560421862,2792.266916,65.638321,156.527561214,1.90988288e+09,2792308003,65638454,282.05
1788848157.597876110,2796.43229,65.645039,156.553117962,1.9108864e+09,2796463192,65645083,282.05
1788848159.627855891,2800.591146,65.649778,156.568693968,1.91158272e+09,2800624330,65649828,259.70
1788848161.658984715,2804.739415,65.653607,156.573750675,1.91289344e+09,2804770279,65653647,259.70
1788848163.688565630,2808.885576,65.660517,156.59197628,1.9131392e+09,2808918642,65660558,239.07
1788848165.719146134,2813.032384,65.666962,156.60857474,1.913458688e+09,2813065226,65667005,239.07
1788848167.749449546,2817.176155,65.673733,156.622777003,1.914150912e+09,2817211123,65673779,239.07
1788848169.780460394,2821.329069,65.67975,156.633239987,1.914896384e+09,2821359927,65679796,220.08
1788848171.810114389,2825.473712,65.683414,156.642633986,1.915895808e+09,2825508385,65683466,220.08
1788848173.841209717,2829.62191,65.692113,156.665051949,1.917181952e+09,2829652724,65692169,202.70
1788848175.871268123,2833.760928,65.696095,156.680374797,1.918283776e+09,2833796143,65697280,202.70
1788848177.904108430,2837.907721,65.701436,156.691971898,1.91778816e+09,2837942840,65701480,202.70
1788848179.936080449,2842.058907,65.705257,156.699501522,1.918406656e+09,2842089954,65705295,186.63
1788848181.966684942,2846.190873,65.709069,156.706754364,1.953763328e+09,2846223827,65709103,186.63
1788848183.997114562,2850.318721,65.72414,156.766710434,1.954340864e+09,2850349326,65724189,171.84
1788848186.027204008,2854.469145,65.727804,156.77172224,1.954516992e+09,2854504818,65727852,171.84
1788848188.059571639,2858.621567,65.734898,156.789777441,1.955426304e+09,2858654189,65734939,171.84
1788848190.089523025,2862.76954,65.742138,156.807726008,1.956282368e+09,2862804544,65742189,158.56
1788848192.121514978,2866.908088,65.7466,156.817393937,1.955622912e+09,2866955020,65747791,158.56
1788848194.158856905,2871.075602,65.75306,156.830979984,1.955852288e+09,2871110489,65753138,146.02
1788848196.192278620,2875.219759,65.756792,156.837142416,1.956306944e+09,2875254477,65756859,146.02
1788848198.223546171,2879.365278,65.765757,156.863782597,1.956786176e+09,2879399612,65767228,146.02
1788848200.258096118,2883.537058,65.776067,156.914566878,1.95731456e+09,2883574027,65776273,134.73
1788848202.293572933,2887.690052,65.780465,156.922691811,1.957715968e+09,2887721052,65780504,134.73
1788848204.323221370,2891.832266,65.786602,156.934905923,1.957658624e+09,2891867412,65786662,124.10
1788848206.354732512,2895.988117,65.793666,156.951463394,1.9581952e+09,2896026403,65793748,124.10
1788848208.391185143,2900.166076,65.80784,157.004435553,1.958612992e+09,2900209397,65810586,114.96
1788848210.433004665,2904.346707,65.821592,157.056305149,1.959022592e+09,2904385599,65821646,114.96
1788848212.466510419,2908.500946,65.825652,157.063803031,1.9600384e+09,2908534034,65825716,114.96
1788848214.497789819,2912.64213,65.832841,157.082479033,1.960800256e+09,2912674970,65832879,106.00
1788848216.528199789,2916.79331,65.841203,157.11198788,1.960456192e+09,2916828517,65841258,106.00
1788848218.560900222,2920.94882,65.84676,157.122833234,1.960833024e+09,2920987899,65846827,97.83
1788848220.595916995,2925.128601,65.853724,157.139306912,1.961488384e+09,2925175245,65855362,97.83
1788848222.639772525,2929.327028,65.864422,157.176223866,1.962811392e+09,2929367775,65865064,97.83
1788848224.678124927,2933.483645,65.874904,157.212981293,1.963053056e+09,2933516382,65874974,90.24
1788848226.708809059,2937.626921,65.879994,157.228845917,1.964101632e+09,2937659603,65880033,90.24
1788848228.740214848,2941.770792,65.88541,157.246022518,1.964969984e+09,2941805672,65885460,83.41
1788848230.771756340,2945.918098,65.891428,157.260744969,1.9648512e+09,2945951155,65891489,83.41
1788848232.802057147,2950.081678,65.896509,157.274964387,1.965584384e+09,2950125840,65897228,83.41
1788848234.841050630,2954.253014,65.903593,157.297009812,1.966268416e+09,2954289782,65903670,77.05
1788848236.873756116,2958.423916,65.911275,157.32362626,1.967071232e+09,2958460975,65911405,77.05
1788848238.909705229,2962.585099,65.918165,157.349617486,1.967775744e+09,2962620393,65918218,71.28
1788848240.940820130,2966.75635,65.925196,157.372182153,1.96880384e+09,2966793148,65926183,71.28
1788848242.974765906,2970.919001,65.932825,157.399571839,1.969795072e+09,2970960084,65933112,71.28
1788848245.010198287,2975.085487,65.941331,157.421895364,1.969221632e+09,2975120510,65941388,65.89
1788848247.042259298,2979.260798,65.948743,157.44364385,1.970089984e+09,2979297842,65948792,65.89
1788848249.077302289,2983.422854,65.955051,157.457495278,1.97072896e+09,2983457863,65955095,61.10
1788848251.108766166,2987.55861,65.959899,157.470466046,1.971781632e+09,2987591245,65959969,61.10
1788848253.138669168,2991.705545,65.971511,157.497156647,1.972310016e+09,2991743467,65971932,61.10
1788848255.173447995,2995.850644,65.975542,157.501096282,1.97330944e+09,2995883439,65975596,56.36
1788848257.204492051,2999.998349,65.981549,157.516960584,1.973563392e+09,3000031424,65981615,56.36
1788848259.235418721,3004.03028,65.98628,157.528486169,1.83990272e+09,3004063119,65986316,52.09
1788848261.266381377,3008.179462,65.992752,157.545019837,1.818382336e+09,3008215016,65992794,52.09
1788848263.300581216,3012.326997,65.999044,157.56299609,1.818894336e+09,3012359932,65999100,52.09
1788848265.332297917,3016.464711,66.002492,157.567587715,1.8190336e+09,3016497528,66002528,48.08
1788848267.362766318,3020.611536,66.007634,157.572419249,1.819430912e+09,3020646497,66007705,48.08
1788848269.395315755,3024.76324,66.015006,157.592983597,1.8215936e+09,3024798090,66015085,44.63
1788848271.426709409,3028.908058,66.018634,157.597607108,1.822171136e+09,3028942923,66018679,44.63
1788848273.459199322,3033.059521,66.023733,157.608036368,1.822957568e+09,3033090324,66023773,41.22
1788848275.488574503,3037.203387,66.028984,157.620111704,1.823465472e+09,3037236617,66029042,41.22
1788848277.521194238,3041.344004,66.038154,157.650052216,1.824264192e+09,3041376914,66038193,41.22
1788848279.551753374,3045.495601,66.043002,157.662310498,1.82536192e+09,3045528434,66043048,38.31
1788848281.582809135,3049.635384,66.047011,157.669080262,1.828614144e+09,3049668263,66047041,38.31
1788848283.613836277,3053.784602,66.051986,157.681854377,1.828667392e+09,3053818661,66052023,35.49
1788848285.644961075,3057.928999,66.056176,157.687819684,1.829240832e+09,3057960524,66056217,35.49
1788848287.675236378,3062.072057,66.060921,157.709854786,1.829982208e+09,3062110753,66060976,35.49
1788848289.708640290,3066.218648,66.069669,157.736886582,1.83044096e+09,3066250370,66069729,33.05
1788848291.738432365,3070.363495,66.07366,157.741375526,1.831489536e+09,3070398609,66073701,33.05
1788848293.770089477,3074.514718,66.079658,157.762184922,1.83179264e+09,3074545492,66079723,30.64
1788848295.800052051,3078.65106,66.083959,157.76759913,1.831841792e+09,3078681811,66083983,30.64
1788848297.830487000,3082.815514,66.090258,157.785547344,1.83248896e+09,3082859144,66090322,30.64
1788848299.871169036,3087.000505,66.114708,157.863403453,1.8331648e+09,3087043757,66114832,28.67
1788848301.909441431,3091.15553,66.120137,157.877118869,1.83433216e+09,3091188477,66120261,28.67
1788848303.940514956,3095.297448,66.127655,157.900630982,1.835085824e+09,3095332560,66127709,26.61
1788848305.971434958,3099.447167,66.131314,157.906484508,1.836224512e+09,3099480152,66131361,26.61
1788848308.002309234,3103.588218,66.135066,157.915491911,1.835782144e+09,3103621070,66135111,26.61
1788848310.032744877,3107.753957,66.144095,157.936997759,1.836392448e+09,3107787269,66144137,24.80
1788848312.063842300,3111.928755,66.151939,157.957929612,1.849729024e+09,3111961529,66152028,24.80
1788848314.095372473,3116.07742,66.161477,157.991835488,1.85028608e+09,3116110181,66161512,23.05
1788848316.125540842,3120.216098,66.165924,157.996373755,1.850781696e+09,3120251238,66165968,23.05
1788848318.157444971,3124.365884,66.171075,158.004377662,1.851670528e+09,3124401009,66171127,23.05
1788848320.189364478,3128.504259,66.177693,158.030260944,1.852018688e+09,3128537379,66177743,21.53
1788848322.220109097,3132.643845,66.180796,158.031706385,1.85167872e+09,3132674521,66180832,21.53
1788848324.249364148,3136.778701,66.187294,158.047692698,1.852342272e+09,3136809493,66187336,20.12
1788848326.278899447,3140.91715,66.19098,158.054039495,1.853288448e+09,3140947954,66191027,20.12
1788848328.308822935,3145.06048,66.197432,158.066365626,1.853845504e+09,3145101556,66197505,20.12
1788848330.344601151,3149.219496,66.204296,158.084330456,1.85532416e+09,3149252464,66204352,18.83
1788848332.376427395,3153.362943,66.20725,158.086012568,1.855533056e+09,3153396276,66207295,18.83
1788848334.407065506,3157.513835,66.212804,158.103722176,1.856036864e+09,3157544626,66212836,17.48
1788848336.437087678,3161.65917,66.221048,158.141015426,1.85606144e+09,3161698256,66221129,17.48
1788848338.472192857,3165.817719,66.226224,158.155455137,1.856892928e+09,3165856560,66226348,16.40
1788848340.507644042,3169.975575,66.229547,158.159100894,1.857789952e+09,3170008497,66229600,16.40
1788848342.537338573,3174.112768,66.233308,158.168619956,1.858654208e+09,3174143534,66233346,16.40
1788848344.566401321,3178.24816,66.239659,158.187946326,1.859411968e+09,3178279008,66239713,15.25
1788848346.596324480,3182.388582,66.244558,158.199135377,1.860370432e+09,3182421377,66244606,15.25
1788848348.627077547,3186.529817,66.250522,158.223701342,1.860591616e+09,3186569018,66250598,14.51
1788848350.662387027,3190.689115,66.255394,158.233470039,1.860947968e+09,3190726104,66255435,14.51
1788848352.694616564,3194.830477,66.259795,158.248363813,1.861705728e+09,3194874282,66262861,14.51
1788848354.731288278,3198.990806,66.269791,158.271881598,1.8627584e+09,3199021711,66269850,13.59
1788848356.761171092,3203.13398,66.274562,158.287364922,1.86322944e+09,3203166736,66274594,13.59
1788848358.791911107,3207.279103,66.280967,158.309913126,1.864421376e+09,3207309764,66281002,12.98
1788848360.822131820,3211.414822,66.284536,158.317192534,1.865334784e+09,3211447733,66284604,12.98
1788848362.853281729,3215.566173,66.289323,158.335370589,1.864802304e+09,3215605184,66289385,12.98
1788848364.888693708,3219.711236,66.293981,158.34457732,1.865641984e+09,3219744092,66294032,12.10
1788848366.919495665,3223.858763,66.300082,158.363332255,1.866469376e+09,3223891557,66300116,12.10
1788848368.950567595,3228.005995,66.305431,158.381675159,1.88925952e+09,3228038692,66305474,11.45
1788848370.980545904,3232.135916,66.309211,158.387226901,1.889550336e+09,3232166932,66309249,11.45
1788848373.010158646,3236.279803,66.314164,158.397299225,1.889988608e+09,3236328192,66314623,11.45
1788848375.052032878,3240.43081,66.318371,158.411333983,1.88954624e+09,3240461605,66318417,10.69
1788848377.082042841,3244.5685,66.32368,158.426896128,1.889988608e+09,3244601229,66323720,10.69
1788848379.112508123,3248.71916,66.329596,158.438775556,1.890603008e+09,3248752046,66329636,10.24
1788848381.143573884,3252.863845,66.333143,158.445682494,1.890889728e+09,3252896677,66333189,10.24
1788848383.173347488,3257.014964,66.339751,158.462820345,1.891495936e+09,3257062057,66340291,10.24
1788848385.212866107,3261.163919,66.344379,158.46807466,1.892282368e+09,3261197103,66344435,9.58
1788848387.242861736,3265.301598,66.351444,158.491666864,1.892519936e+09,3265334446,66351486,9.58
1788848389.272752879,3269.442306,66.373752,158.576704088,1.892450304e+09,3269483518,66373826,9.29
1788848391.308646092,3273.60416,66.38293,158.597775166,1.893126144e+09,3273636908,66382977,9.29
1788848393.339082172,3277.743257,66.386979,158.614906856,1.893842944e+09,3277773953,66387048,9.29
1788848395.369219589,3281.881225,66.390333,158.61741804,1.894416384e+09,3281914116,66390374,8.71
1788848397.400106388,3286.033142,66.396925,158.634417312,1.894985728e+09,3286065748,66396978,8.71
1788848399.431076234,3290.183293,66.402189,158.658974683,1.896792064e+09,3290212828,66402244,8.41
1788848401.462219814,3294.368496,66.408384,158.674725611,1.898336256e+09,3294411881,66408481,8.41
1788848403.502331620,3298.536819,66.418729,158.715572451,1.89925376e+09,3298569418,66418772,7.98
1788848405.532094807,3302.676121,66.422125,158.719474571,1.90021632e+09,3302707073,66422159,7.98
1788848407.561615467,3306.81705,66.426314,158.725990826,1.901215744e+09,3306849734,66426358,7.98
1788848409.591969521,3310.965491,66.43393,158.751773723,1.901797376e+09,3310998315,66433975,7.66
1788848411.622640746,3315.106849,66.437567,158.753333727,1.903251456e+09,3315141796,66437605,7.66
1788848413.653770565,3319.244824,66.443331,158.773336941,1.903599616e+09,3319277989,66443383,7.20
1788848415.683531989,3323.373583,66.446515,158.774689218,1.903468544e+09,3323406516,66446570,7.20
1788848417.714234617,3327.520667,66.451361,158.789393814,1.903972352e+09,3327551581,66451395,7.20
1788848419.743945758,3331.647901,66.45966,158.822914451,1.904795648e+09,3331680682,66460764,7.11
1788848421.774447252,3335.793234,66.464155,158.82692004,1.905569792e+09,3335824010,66464211,7.11
1788848423.804176916,3339.944599,66.469964,158.846600339,1.906520064e+09,3339979523,66469999,7.02
1788848425.835722628,3344.09766,66.474669,158.852740947,1.90728192e+09,3344134126,66474935,7.02
1788848427.869346130,3348.247698,66.479863,158.865004445,1.907605504e+09,3348282624,66479911,7.02
1788848429.901292499,3352.39838,66.485453,158.877348532,1.907994624e+09,3352431211,66485506,6.86
1788848431.931711367,3356.539965,66.488602,158.880467308,1.908727808e+09,3356572886,66488648,6.86
1788848433.961865565,3360.69735,66.494189,158.903933227,1.909714944e+09,3360732215,66494226,6.47
1788848435.993764492,3364.847401,66.498415,158.907038034,1.910378496e+09,3364882585,66498487,6.47
1788848438.026313046,3368.988382,66.509692,158.937557055,1.911406592e+09,3369023363,66509753,6.47
1788848440.059039849,3373.142786,66.514473,158.948493379,1.912315904e+09,3373175634,66514516,6.35
1788848442.089942054,3377.282848,66.517817,158.951830339,1.912496128e+09,3377315735,66517853,6.35
1788848444.120929639,3381.424869,66.527554,158.975234723,1.912778752e+09,3381457809,66527597,6.00
1788848446.152372347,3385.564943,66.530831,158.982463041,1.913802752e+09,3385599863,66530917,6.00
1788848448.184297157,3389.714774,66.536251,158.994653605,1.91440896e+09,3389757205,66537121,6.00
1788848450.220365900,3393.86627,66.542182,159.011415876,1.915219968e+09,3393896866,66542221,5.92
1788848452.250069213,3398.000867,66.547192,159.02514298,1.916530688e+09,3398034715,66547245,5.92
1788848454.282008845,3402.144809,66.552742,159.043187868,1.91739904e+09,3402175750,66552784,5.61
1788848456.312459158,3406.300162,66.556946,159.053926063,1.917571072e+09,3406343418,66557872,5.61
1788848458.352718281,3410.457685,66.565427,159.095457828,1.917865984e+09,3410494725,66565473,5.61
1788848460.386386931,3414.605197,66.569634,159.105420322,1.918529536e+09,3414636079,66569673,5.48
1788848462.415720755,3418.739125,66.572948,159.110038262,1.919393792e+09,3418769799,66572984,5.48
1788848464.446554655,3422.880647,66.587279,159.15816709,1.920569344e+09,3422913479,66587337,5.20
1788848466.477066670,3427.025266,66.591786,159.173247289,1.921572864e+09,3427056162,66591825,5.20
1788848468.507523346,3431.171718,66.596374,159.188342145,1.92237568e+09,3431212914,66596444,5.18
1788848470.544970093,3435.325162,66.601378,159.199589025,1.921900544e+09,3435356078,66601440,5.18
1788848472.575605199,3439.465227,66.605839,159.205083268,1.92280576e+09,3439499950,66605878,5.18
1788848474.607205175,3443.60907,66.61342,159.231699454,1.923661824e+09,3443642041,66613473,5.01
1788848476.638270623,3447.758927,66.617609,159.244274957,1.924767744e+09,3447791809,66617646,5.01
1788848478.669914080,3451.924815,66.629722,159.286469125,1.925832704e+09,3451967679,66631169,5.09
1788848480.712473951,3456.097704,66.640725,159.335180282,1.96155392e+09,3456136926,66640801,5.09
1788848482.748231841,3460.260436,66.649153,159.361592216,1.960808448e+09,3460294595,66649794,5.09
1788848484.783939811,3464.4027,66.654113,159.37543838,1.961209856e+09,3464433566,66654147,4.92
1788848486.814359964,3468.547565,66.660528,159.402419822,1.961480192e+09,3468578476,66660562,4.92
1788848488.844231960,3472.698011,66.665591,159.409553856,1.96212736e+09,3472733354,66665651,4.93
1788848490.877121130,3476.86323,66.670054,159.418682969,1.963081728e+09,3476901763,66670200,4.93
1788848492.911367331,3481.022998,66.67997,159.46873191,1.963524096e+09,3481054816,66680233,4.93
1788848494.942368549,3485.162033,66.684257,159.480935749,1.962856448e+09,3485196885,66684324,4.77
1788848496.973178600,3489.307519,66.688342,159.495126195,1.963278336e+09,3489338277,66688395,4.77
1788848499.002542127,3493.451871,66.692088,159.500954323,1.963700224e+09,3493483405,66692161,4.71
1788848501.032363733,3497.591652,66.695281,159.503867218,1.964097536e+09,3497622482,66695321,4.71
1788848503.062359039,3501.737995,66.702368,159.527708575,1.964519424e+09,3501776818,66702542,4.71
1788848505.097572864,3505.885438,66.705978,159.533902146,1.96542464e+09,3505916053,66706015,4.49
1788848507.127476863,3510.027137,66.710719,159.548272499,1.9657728e+09,3510062408,66710784,4.49
1788848509.158691707,3514.173781,66.715914,159.561762717,1.965510656e+09,3514206966,66715956,4.45
1788848511.188862277,3518.310581,66.719607,159.563609768,1.965887488e+09,3518341375,66719644,4.45
1788848513.219436131,3522.446506,66.724574,159.577104572,1.966333952e+09,3522477331,66724622,4.45
1788848515.248943184,3526.583439,66.729335,159.584070644,1.966804992e+09,3526620379,66729417,4.26
1788848517.282684972,3530.736968,66.735002,159.608894101,1.967255552e+09,3530767647,66735035,4.26
1788848519.312192242,3534.881788,66.739563,159.624083217,1.968287744e+09,3534912448,66739595,4.32
1788848521.341307251,3539.018234,66.743708,159.633944457,1.96917248e+09,3539048539,66743752,4.32
1788848523.371151701,3543.161224,66.750648,159.6581023,1.968971776e+09,3543192070,66750688,4.32
1788848525.400924099,3547.299587,66.753595,159.660266336,1.969504256e+09,3547330362,66753636,4.13
1788848527.430668835,3551.436042,66.759866,159.679456463,1.970200576e+09,3551468993,66759905,4.13
1788848529.461298674,3555.580241,66.764906,159.693522591,1.971068928e+09,3555611097,66764941,4.12
1788848531.490903862,3559.715015,66.769739,159.702773857,1.971933184e+09,3559747761,66769779,4.12
1788848533.520707513,3563.855459,66.776773,159.724289475,1.972989952e+09,3563888344,66776814,3.95
1788848535.550296600,3567.992861,66.780575,159.725663298,1.97357568e+09,3568025328,66780649,3.95
1788848537.580923918,3572.131456,66.785611,159.737724703,1.973252096e+09,3572164128,66785698,3.95
1788848539.612066860,3576.285982,66.797769,159.777091147,1.974042624e+09,3576316799,66798148,4.03
1788848541.642209295,3580.425785,66.801544,159.779920181,1.974751232e+09,3580458692,66801589,4.03
1788848543.672741831,3584.57297,66.807181,159.795050027,1.975525376e+09,3584605842,66807220,3.87
1788848545.702531748,3588.720715,66.812581,159.806180033,1.976348672e+09,3588755843,66812619,3.87
1788848547.733687240,3592.886575,66.818633,159.822851423,1.977229312e+09,3592925806,66818711,3.87
1788848549.770161639,3597.050615,66.829531,159.854786671,1.977593856e+09,3597090744,66829620,4.04
1788848551.806062631,3601.222926,66.837426,159.868555088,1.977810944e+09,3601259629,66837483,4.04
1788848553.839206062,3605.396888,66.849256,159.905497912,1.978601472e+09,3605431297,66849612,3.96
1788848555.871218258,3609.562752,66.854169,159.916465368,1.979379712e+09,3609599762,66854295,3.96
1788848557.907858725,3613.721402,66.861666,159.946276478,1.98045696e+09,3613754527,66861724,3.96
1788848559.939125748,3617.885643,66.873973,159.982873207,1.98096896e+09,3617920367,66874019,4.04
1788848561.970666808,3622.006594,66.881152,159.998473384,1.984638976e+09,3622022607,66881152,4.04
1788848564.000745174,3626.102429,66.898884,160.050720716,1.85102336e+09,3626137498,66899029,3.96
1788848566.033595483,3630.256906,66.916821,160.10703709,1.825964032e+09,3630298117,66916891,3.96
1788848568.068311313,3634.42985,66.922163,160.12490943,1.826316288e+09,3634470874,66922356,3.96
1788848570.104601251,3638.600543,66.945461,160.191259839,1.82781952e+09,3638633295,66945511,4.04
1788848572.134707954,3642.743482,66.948808,160.194089579,1.827196928e+09,3642776328,66948843,4.04
1788848574.165135445,3646.885925,66.957258,160.216029433,1.826476032e+09,3646918729,66957336,4.04
1788848576.195723752,3651.027893,66.961326,160.22570453,1.827135488e+09,3651062886,66961363,4.04
1788848578.226483272,3655.162516,66.972402,160.2610648,1.82761472e+09,3655196965,66973211,4.04
1788848580.259220034,3659.315598,66.979121,160.275845335,1.828278272e+09,3659350840,66979181,3.96
1788848582.290332313,3663.488398,66.984432,160.288061587,1.829367808e+09,3663525485,66984494,3.96
1788848584.323078675,3667.641467,66.996841,160.33503037,1.830518784e+09,3667673279,66996894,3.80
1788848586.353680706,3671.779593,67.004152,160.357543779,1.834860544e+09,3671820320,67005652,3.80
1788848588.389430573,3675.928711,67.010679,160.375556759,1.83568384e+09,3675961781,67010718,3.80
1788848590.421000244,3680.076653,67.015538,160.391456254,1.835692032e+09,3680107339,67015571,3.73
1788848592.450838685,3684.215584,67.019428,160.396767298,1.836429312e+09,3684246643,67019464,3.73
1788848594.480194343,3688.351921,67.024463,160.416010859,1.837461504e+09,3688382681,67024504,3.60
1788848596.509356325,3692.491239,67.028601,160.42657694,1.837965312e+09,3692522042,67028636,3.60
1788848598.539348181,3696.631854,67.032247,160.433105437,1.838317568e+09,3696669018,67032321,3.71
1788848600.572499057,3700.782327,67.036671,160.445301251,1.838415872e+09,3700815619,67036705,3.71
1788848602.603984921,3704.920079,67.040089,160.446631069,1.83937024e+09,3704950869,67040126,3.71
1788848604.633469814,3709.065474,67.04513,160.457919467,1.83988224e+09,3709098380,67045168,3.57
1788848606.664074968,3713.210449,67.052777,160.484153468,1.840828416e+09,3713243356,67052819,3.57
1788848608.694425365,3717.357126,67.058378,160.496070651,1.841610752e+09,3717387870,67058412,3.77
1788848610.724033662,3721.499517,67.062044,160.499127339,1.843306496e+09,3721530387,67062082,3.77
1788848612.754011601,3725.631128,67.069852,160.519041774,1.84297472e+09,3725669276,67070681,3.77
1788848614.788302936,3729.776746,67.076354,160.534752957,1.843744768e+09,3729807501,67076405,3.62
1788848616.818074910,3733.920769,67.080485,160.544146777,1.852289024e+09,3733953410,67080528,3.62
1788848618.848435185,3738.064816,67.086442,160.556559981,1.852956672e+09,3738097617,67086561,3.73
1788848620.878739792,3742.21637,67.090903,160.562316228,1.85319424e+09,3742249228,67090940,3.73
1788848622.909839754,3746.360688,67.095793,160.572779128,1.8540544e+09,3746399562,67095902,3.73
1788848624.944512452,3750.510266,67.101189,160.587864267,1.854808064e+09,3750543169,67101248,3.60
1788848626.975194895,3754.654035,67.106627,160.601573285,1.85511936e+09,3754685906,67106666,3.60
1788848629.005302051,3758.797525,67.112465,160.620853157,1.855053824e+09,3758828397,67112504,3.71
1788848631.034925012,3762.943934,67.116385,160.6276635,1.855655936e+09,3762976911,67116420,3.71
1788848633.065388712,3767.084756,67.121582,160.643741644,1.85634816e+09,3767119939,67121685,3.71
1788848635.098105914,3771.234553,67.125272,160.648328571,1.857339392e+09,3771265203,67125304,3.57
1788848637.128239623,3775.385277,67.131658,160.670610346,1.857900544e+09,3775418203,67131704,3.57
1788848639.158706182,3779.528973,67.138835,160.687203827,1.858904064e+09,3779561963,67138896,3.69
1788848641.189441746,3783.674142,67.143573,160.699802451,1.859244032e+09,3783707296,67143616,3.69
1788848643.219862435,3787.808095,67.149925,160.721297511,1.859485696e+09,3787840876,67149971,3.69
1788848645.249371882,3791.951339,67.153292,160.724335543,1.860767744e+09,3791984092,67153328,3.55
1788848647.279876363,3796.100889,67.160926,160.750181132,1.861234688e+09,3796135967,67160971,3.55
1788848649.314093615,3800.261895,67.167555,160.768518761,1.861963776e+09,3800294759,67167590,3.51
1788848651.347441867,3804.406056,67.170578,160.771641363,1.863172096e+09,3804438927,67170626,3.51
1788848653.378359867,3808.549055,67.176824,160.791750042,1.863757824e+09,3808579909,67176882,3.51
1788848655.408307339,3812.688993,67.181636,160.800657251,1.86343424e+09,3812721816,67181684,3.39
1788848657.439183142,3816.836452,67.187919,160.81897914,1.864216576e+09,3816875590,67188018,3.39
1788848659.475487673,3821.01551,67.202111,160.893623258,1.865015296e+09,3821064419,67202737,3.59
1788848661.519816192,3825.192868,67.213947,160.950471997,1.865814016e+09,3825229789,67214045,3.59
1788848663.555449804,3829.345429,67.225472,160.993302239,1.866698752e+09,3829380320,67225519,3.55
1788848665.587076022,3833.508369,67.230765,161.002242757,1.8676736e+09,3833547380,67230839,3.55
1788848667.620787741,3837.667853,67.238496,161.029011625,1.867505664e+09,3837707235,67238566,3.55
1788848669.655263584,3841.821289,67.256695,161.107618909,1.86830848e+09,3841871828,67260960,3.82
1788848671.699933025,3846.036995,67.270033,161.146194966,1.869361152e+09,3846085599,67271892,3.82
1788848673.744112005,3850.20133,67.300731,161.258260051,1.887285248e+09,3850234243,67300780,3.68
1788848675.775314165,3854.363964,67.307351,161.278944979,1.888612352e+09,3854402054,67307422,3.68
1788848677.809253937,3858.532086,67.314094,161.306333603,1.891770368e+09,3858564895,67314147,3.68
1788848679.839668386,3862.689304,67.320857,161.326418368,1.894883328e+09,3862722183,67320938,3.78
1788848681.870879946,3866.851795,67.327541,161.341060255,1.895702528e+09,3866884637,67327586,3.78
1788848683.900189141,3871.006375,67.3333,161.354204852,1.89734912e+09,3871039240,67333350,3.64
1788848685.930964607,3875.158509,67.337486,161.364219538,1.89786112e+09,3875195853,67337543,3.64
1788848687.964515042,3879.32967,67.342189,161.378902491,1.898323968e+09,3879362648,67342328,3.64
1788848689.995576711,3883.492155,67.35071,161.41121614,1.900253184e+09,3883532151,67350898,3.67
1788848692.028531392,3887.663714,67.354988,161.423497356,1.90277632e+09,3887702583,67355033,3.67
1788848694.061642575,3891.828168,67.360515,161.435979411,1.902649344e+09,3891865062,67360559,3.62
1788848696.094441062,3895.984057,67.365033,161.446707341,1.905524736e+09,3896021172,67365086,3.62
1788848698.127003859,3900.14131,67.372594,161.46925296,1.907027968e+09,3900178148,67372653,3.62
1788848700.161094652,3904.294712,67.379857,161.492046281,1.90818304e+09,3904327588,67379898,3.65
1788848702.191823711,3908.445226,67.385718,161.501606973,1.911283712e+09,3908477750,67385774,3.65
1788848704.222665681,3912.591433,67.392771,161.516035301,1.911570432e+09,3912626285,67392819,3.51
1788848706.253640594,3916.736354,67.397609,161.526807385,1.912717312e+09,3916778120,67397761,3.51
1788848708.288466630,3920.894551,67.409118,161.554376165,1.912926208e+09,3920925662,67409175,3.51
1788848710.320419210,3925.040269,67.414408,161.563146348,1.913913344e+09,3925073134,67414448,3.63
1788848712.351134227,3929.185076,67.418636,161.56598413,1.91479808e+09,3929217929,67418688,3.63
1788848714.381525165,3933.325594,67.425871,161.586017011,1.915400192e+09,3933358293,67425906,3.50
1788848716.411405734,3937.471233,67.429951,161.595627311,1.915674624e+09,3937518455,67430618,3.50
1788848718.449032735,3941.627358,67.435988,161.610146899,1.915756544e+09,3941664474,67436042,3.50
1788848720.482523168,3945.779398,67.440532,161.621199063,1.916608512e+09,3945812296,67440579,3.62
1788848722.512925529,3949.918808,67.443822,161.62440487,1.917431808e+09,3949951888,67443866,3.62
1788848724.543553345,3954.060238,67.449688,161.642898359,1.918722048e+09,3954093245,67449722,3.49
1788848726.573642676,3958.205621,67.455154,161.668171259,1.919258624e+09,3958236408,67455195,3.49
1788848728.603378851,3962.356279,67.463905,161.704187374,1.920753664e+09,3962401598,67464816,3.77
1788848730.645134149,3966.520743,67.46862,161.713285602,1.920139264e+09,3966551560,67468661,3.77
1788848732.674798508,3970.663132,67.471898,161.715175335,1.921028096e+09,3970699345,67471955,3.77
1788848734.706844251,3974.801806,67.479327,161.748290641,1.921957888e+09,3974836851,67479399,3.63
1788848736.738668827,3978.945719,67.485504,161.773356966,1.922859008e+09,3978978862,67485589,3.63
1788848738.770301787,3983.09244,67.49095,161.78539359,1.923403776e+09,3983125407,67490987,3.98
1788848740.800381431,3987.233844,67.494234,161.78881673,1.924980736e+09,3987264918,67494269,3.98
1788848742.829709630,3991.37176,67.499012,161.797104879,1.925558272e+09,3991408740,67499141,3.98
1788848744.863746268,3995.507747,67.502696,161.808069907,1.959682048e+09,3995544627,67502819,3.82
1788848746.896863091,3999.665286,67.506513,161.814886766,1.960116224e+09,3999696217,67506553,3.82
1788848748.927210296,4003.837827,67.523956,161.869716758,1.960296448e+09,4003883060,67524040,4.08
1788848750.967872555,4008.007275,67.534985,161.923630913,1.960964096e+09,4008040199,67535018,4.08
1788848752.998838269,4012.145778,67.540967,161.939784218,1.962303488e+09,4012184909,67541176,4.08
1788848755.033663120,4016.292323,67.547723,161.956040938,1.96134912e+09,4016328359,67547887,3.91
1788848757.065169402,4020.442546,67.552287,161.971885704,1.961611264e+09,4020477118,67552342,3.91
1788848759.096504674,4024.593265,67.556938,161.985357619,1.962061824e+09,4024624041,67556981,3.92
1788848761.126603587,4028.750689,67.563588,162.004723233,1.96261888e+09,4028785710,67563647,3.92
1788848763.159019381,4032.916723,67.572929,162.040489206,1.963081728e+09,4032955608,67573036,3.92
1788848765.193371575,4037.059478,67.576639,162.043588814,1.96386816e+09,4037090190,67576672,3.84
1788848767.222844624,4041.20439,67.581257,162.056829409,1.964130304e+09,4041234682,67581307,3.84
1788848769.253078159,4045.336451,67.58751,162.081223414,1.964367872e+09,4045369581,67587555,3.86
1788848771.283541548,4049.474238,67.59185,162.088941568,1.964437504e+09,4049507014,67591883,3.86
1788848773.313305704,4053.611222,67.59895,162.108871332,1.96468736e+09,4053644095,67598987,3.86
1788848775.343339593,4057.752727,67.602957,162.116872242,1.965428736e+09,4057788473,67603002,3.71
1788848777.375028082,4061.901281,67.612388,162.161390304,1.965662208e+09,4061934306,67612429,3.71
1788848779.405688118,4066.043862,67.617458,162.177738962,1.965973504e+09,4066075691,67617497,3.65
1788848781.436213719,4070.191074,67.620886,162.181341189,1.966600192e+09,4070223233,67620945,3.65
1788848783.468751578,4074.331824,67.627838,162.208018747,1.967284224e+09,4074369052,67627896,3.65
1788848785.501091826,4078.478551,67.631879,162.221166058,1.967132672e+09,4078513594,67631954,3.52
1788848787.533243843,4082.629382,67.636214,162.232476398,1.967988736e+09,4082664256,67636278,3.52
1788848789.565193452,4086.772964,67.644305,162.260381168,1.968644096e+09,4086810012,67644405,3.56
1788848791.599551600,4090.920674,67.647999,162.270832725,1.969455104e+09,4090953446,67648053,3.56
1788848793.630023416,4095.058686,67.653033,162.285529493,1.970864128e+09,4095089740,67653068,3.43
1788848795.659623294,4099.193987,67.656536,162.289708806,1.971576832e+09,4099226732,67656580,3.43
1788848797.689545378,4103.338603,67.661923,162.305199767,1.971535872e+09,4103376142,67661994,3.43
1788848799.722199805,4107.501002,67.665963,162.314061763,1.971642368e+09,4107534054,67666006,3.56
1788848801.754388006,4111.646196,67.670233,162.322194405,1.97240832e+09,4111678525,67670511,3.56
1788848803.784944038,4115.790996,67.675512,162.337024563,1.973153792e+09,4115821748,67675554,3.43
1788848805.815194886,4119.934243,67.680162,162.346043237,1.97398528e+09,4119964951,67680194,3.43
1788848807.844955789,4124.07527,67.685927,162.367830234,1.97476352e+09,4124108018,67685964,3.43
1788848809.874664191,4128.221651,67.693155,162.384080919,1.975472128e+09,4128252948,67693192,3.56
1788848811.904685618,4132.362277,67.697581,162.395066514,1.975595008e+09,4132393109,67697620,3.56
1788848813.934062458,4136.506431,67.703669,162.409435639,1.97619712e+09,4136539228,67703709,3.43
1788848815.964875847,4140.66151,67.70798,162.413998465,1.97705728e+09,4140698616,67708057,3.43
1788848817.998007201,4144.803044,67.713558,162.432133737,1.977761792e+09,4144833831,67713594,3.43
1788848820.027841564,4148.839933,67.718318,162.444590106,1.84051712e+09,4148871046,67718357,3.64
1788848822.057877886,4152.9794,67.721537,162.446933835,1.840418816e+09,4153011971,67721580,3.64
1788848824.089109780,4157.129229,67.730013,162.470613366,1.82308864e+09,4157164447,67730076,3.51
1788848826.120680016,4161.275067,67.733659,162.479504695,1.823424512e+09,4161312097,67733707,3.51
1788848828.153135249,4165.422805,67.737503,162.488567881,1.82532096e+09,4165457550,67737677,3.51
1788848830.185456143,4169.570486,67.744968,162.51355418,1.824800768e+09,4169601235,67745013,3.63
1788848832.215143556,4173.709942,67.749098,162.521480134,1.82482944e+09,4173743042,67749152,3.63
1788848834.245427420,4177.856307,67.7537,162.536455792,1.825251328e+09,4177889164,67753748,3.50
1788848836.275721193,4181.999454,67.759948,162.551461997,1.825468416e+09,4182030423,67759997,3.50
1788848838.307452870,4186.160617,67.768053,162.587540994,1.826238464e+09,4186195477,67769474,3.50
1788848840.340015219,4190.325212,67.780126,162.634921702,1.826893824e+09,4190357807,67780211,3.70
1788848842.371341826,4194.466584,67.783647,162.637532052,1.8302976e+09,4194499192,67783692,3.70
1788848844.402158087,4198.615416,67.790527,162.659214814,1.830957056e+09,4198648503,67790579,3.56
1788848846.432474217,4202.760957,67.798902,162.684557535,1.830539264e+09,4202794127,67798961,3.56
1788848848.462807107,4206.904406,67.80256,162.688423145,1.830658048e+09,4206943606,67802632,3.56
1788848850.497052143,4211.063216,67.808005,162.704655938,1.831272448e+09,4211108165,67808370,3.60
1788848852.537559618,4215.246703,67.818112,162.741175095,1.831960576e+09,4215281839,67818164,3.60
1788848854.569407592,4219.376093,67.828413,162.795185447,1.832747008e+09,4219406719,67828449,3.55
1788848856.598577186,4223.514059,67.836076,162.821678616,1.83339008e+09,4223544890,67836123,3.55
1788848858.627934242,4227.660026,67.839991,162.826344257,1.834663936e+09,4227697497,67840169,3.59
1788848860.662065752,4231.80334,67.843735,162.836400667,1.834467328e+09,4231836386,67843784,3.59
1788848862.692174001,4235.942577,67.847518,162.843633352,1.834999808e+09,4235980195,67851043,3.59
1788848864.728092119,4240.103291,67.855497,162.861468656,1.835810816e+09,4240142476,67855559,3.46
1788848866.761735526,4244.271852,67.863343,162.885447352,1.83652352e+09,4244304735,67863380,3.46
1788848868.793217783,4248.420174,67.874959,162.932993458,1.837297664e+09,4248455031,67875008,3.74
1788848870.824607028,4252.578593,67.879597,162.945309086,1.85552896e+09,4252615541,67879641,3.74
1788848872.857482934,4256.758899,67.885817,162.968450345,1.856503808e+09,4256795973,67886225,3.74
1788848874.893561333,4260.917611,67.894354,162.998000591,1.855696896e+09,4260952677,67894432,3.68
1788848876.926071611,4265.082379,67.901491,163.023846239,1.856139264e+09,4265119575,67901548,3.68
1788848878.958246582,4269.252071,67.911184,163.066334506,1.856610304e+09,4269283222,67911237,3.79
1788848880.988536331,4273.409502,67.91675,163.079770087,1.857204224e+09,4273442862,67916798,3.79
1788848883.020213028,4277.571929,67.922194,163.100130119,1.857806336e+09,4277612448,67922350,3.79
1788848885.058463270,4281.716769,67.926071,163.105257954,1.859117056e+09,4281749906,67926118,3.64
1788848887.088690976,4285.862387,67.932976,163.1364346,1.85872384e+09,4285897493,67933014,3.64
1788848889.121323025,4290.014999,67.93846,163.148687233,1.859383296e+09,4290048012,67938519,3.75
1788848891.152118789,4294.167195,67.943037,163.157803949,1.859780608e+09,4294197946,67943089,3.75
1788848893.181868932,4298.313213,67.947606,163.167170049,1.860804608e+09,4298348106,67947670,3.75
1788848895.214387433,4302.458948,67.951238,163.169729117,1.861341184e+09,4302491810,67951289,3.61
1788848897.244451734,4306.603696,67.958133,163.194017911,1.86208256e+09,4306636308,67958176,3.61
1788848899.275234498,4310.745065,67.963526,163.207985357,1.863122944e+09,4310777750,67963602,3.64
1788848901.306570840,4314.894997,67.967218,163.210607662,1.862762496e+09,4314931990,67967270,3.64
1788848903.339413244,4319.046654,67.975011,163.230860338,1.86345472e+09,4319079481,67975051,3.64
1788848905.370435748,4323.193287,67.980196,163.236615826,1.864245248e+09,4323226148,67980240,3.51
1788848907.400223905,4327.344731,67.98524,163.249639066,1.86505216e+09,4327377749,67985280,3.51
1788848909.431043971,4331.490895,67.99128,163.272795299,1.866018816e+09,4331521943,67991335,3.55
1788848911.461436855,4335.648391,67.995008,163.278462592,1.86710016e+09,4335687212,67995771,3.55
1788848913.498054530,4339.802875,68.000625,163.291347829,1.867972608e+09,4339835721,68000675,3.55
1788848915.528993408,4343.941203,68.004645,163.301191533,1.867452416e+09,4343971889,68004684,3.43
1788848917.559130674,4348.088195,68.010661,163.315328863,1.868374016e+09,4348119159,68010700,3.43
1788848919.589217803,4352.24015,68.018004,163.343762954,1.869303808e+09,4352273170,68018045,3.55
1788848921.619594200,4356.381416,68.021722,163.34955569,1.870139392e+09,4356414392,68021769,3.55
1788848923.649710546,4360.516742,68.027923,163.36778334,1.870733312e+09,4360549644,68027969,3.43
1788848925.679606293,4364.652732,68.031234,163.372209906,1.871781888e+09,4364685830,68031277,3.43
1788848927.710645908,4368.809774,68.03647,163.394064014,1.872658432e+09,4368842972,68040366,3.43
1788848929.745412943,4372.974374,68.058846,163.48623395,1.872400384e+09,4373019721,68059311,3.71
1788848931.787047539,4377.135794,68.063794,163.500768094,1.894866944e+09,4377166562,68063836,3.71
1788848933.817496568,4381.27479,68.069584,163.520767988,1.895276544e+09,4381309847,68069643,3.58
1788848935.848767192,4385.419945,68.073242,163.524377423,1.895804928e+09,4385461239,68073294,3.58
1788848937.884692724,4389.581735,68.082095,163.551164906,1.896329216e+09,4389625568,68084288,3.58
1788848939.924981069,4393.753978,68.094117,163.576754924,1.89679616e+09,4393789311,68094187,3.61
1788848941.958718548,4397.926561,68.101416,163.597219715,1.897148416e+09,4397963800,68101463,3.61
1788848943.992198940,4402.082853,68.108753,163.620631708,1.897193472e+09,4402113598,68108798,3.56
1788848946.022125477,4406.223301,68.11229,163.625117091,1.897803776e+09,4406258633,68112341,3.56
1788848948.055205431,4410.364237,68.117475,163.644924595,1.898496e+09,4410397076,68117512,3.56
1788848950.085428221,4414.510765,68.122295,163.65493947,1.899687936e+09,4414543653,68122384,3.68
1788848952.116435382,4418.662182,68.12638,163.663321291,1.899769856e+09,4418699121,68126450,3.68
1788848954.148861325,4422.80964,68.132077,163.685475411,1.901080576e+09,4422842781,68132113,3.78
1788848956.179534164,4426.94594,68.13611,163.694461519,1.900777472e+09,4426986217,68136177,3.78
1788848958.214002600,4431.098509,68.139801,163.70681594,1.9006464e+09,4431139764,68141276,3.78
1788848960.251621321,4435.254029,68.145515,163.717794534,1.901293568e+09,4435284650,68145551,3.72
1788848962.281349194,4439.397962,68.148527,163.719414868,1.902026752e+09,4439430793,68148581,3.72
1788848964.311608447,4443.535556,68.152817,163.729702406,1.902772224e+09,4443568357,68152862,3.58
1788848966.341202000,4447.682826,68.157925,163.747194124,1.903562752e+09,4447717711,68158023,3.58
1788848968.374991928,4451.828281,68.16419,163.761645982,1.904623616e+09,4451867409,68164321,3.58
1788848970.409309043,4455.981494,68.167738,163.769779004,1.904754688e+09,4456014772,68167782,3.70
1788848972.440122698,4460.125005,68.173291,163.784973534,1.905045504e+09,4460160041,68173398,3.70
1788848974.473337282,4464.275791,68.179916,163.79860982,1.9060736e+09,4464308724,68179952,3.72
1788848976.503076515,4468.415251,68.18442,163.809581757,1.906716672e+09,4468445953,68184478,3.72
1788848978.533169675,4472.555688,68.191347,163.834553408,1.907654656e+09,4472594479,68191414,3.72
1788848980.568953856,4476.699635,68.195086,163.841118706,1.908477952e+09,4476730465,68195123,3.82
1788848982.599085325,4480.839468,68.199406,163.853418902,1.909788672e+09,4480874145,68199445,3.82
1788848984.629504039,4484.975258,68.208818,163.88056393,1.91014912e+09,4485008093,68208861,3.84
1788848986.659461696,4489.113435,68.213941,163.896352146,1.909874688e+09,4489144319,68213989,3.84
1788848988.688706551,4493.252378,68.220206,163.916917439,1.910591488e+09,4493287136,68220252,3.85
1788848990.719266815,4497.390956,68.223624,163.919162643,1.911382016e+09,4497421918,68223667,3.85
1788848992.749113900,4501.527775,68.231045,163.931654162,1.91227904e+09,4501567234,68232516,3.85
1788848994.782876561,4505.673914,68.236202,163.941712566,1.91297536e+09,4505704726,68236247,3.70
1788848996.813265742,4509.819895,68.243198,163.967411566,1.914478592e+09,4509852793,68243241,3.70
1788848998.843676953,4513.965906,68.248536,163.983073253,1.91512576e+09,4514002047,68248590,3.81
1788849000.875825739,4518.111293,68.25403,163.996547154,1.914855424e+09,4518145986,68254115,3.81
1788849002.908607568,4522.268092,68.259536,164.01194877,1.915392e+09,4522304833,68259979,3.81
1788849004.945295462,4526.42156,68.264737,164.021576674,1.918480384e+09,4526454819,68264782,3.66
1788849006.977048620,4530.570729,68.272242,164.043052609,1.920876544e+09,4530605944,68272354,3.66
1788849009.010178970,4534.714285,68.27801,164.064464427,1.921261568e+09,4534744965,68278045,3.85
1788849011.039348980,4538.847436,68.282638,164.070454128,1.922412544e+09,4538882465,68282689,3.85
1788849013.071648628,4542.989012,68.287657,164.091601118,1.922101248e+09,4543026408,68287708,3.85
1788849015.105009528,4547.131713,68.292537,164.101206155,1.922686976e+09,4547164565,68292577,3.78
1788849017.135201174,4551.274783,68.298159,164.120977023,1.923436544e+09,4551307668,68298202,3.78
1788849019.165268271,4555.433382,68.309944,164.183758366,1.924308992e+09,4555468549,68309996,4.36
1788849021.197517327,4559.594135,68.313948,164.195083159,1.925328896e+09,4559626981,68313986,4.36
1788849023.227379169,4563.735469,68.319803,164.218223026,1.926008832e+09,4563770362,68319849,4.36
1788849025.258620172,4567.884103,68.323829,164.226087635,1.9269632e+09,4567927280,68323969,4.17
1788849027.294514248,4572.0354,68.329163,164.238094494,1.926770688e+09,4572072063,68329216,4.17
1788849029.326242142,4576.177978,68.333342,164.248421233,1.927626752e+09,4576211091,68333387,4.32
1788849031.357797689,4580.340494,68.339212,164.272768173,1.928425472e+09,4580383832,68339311,4.32
1788849033.396276084,4584.512822,68.3513,164.323246707,1.929314304e+09,4584551940,68351351,4.32
1788849035.432420381,4588.662282,68.355517,164.331858984,1.930448896e+09,4588695022,68355554,4.13
1788849037.462367668,4592.805425,68.361816,164.354828818,1.931108352e+09,4592838086,68361870,4.13
1788849039.492535899,4596.939462,68.368256,164.376394488,1.932120064e+09,4596972430,68368302,4.04
1788849041.522744944,4601.07429,68.372524,164.388572657,1.966841856e+09,4601105246,68372560,4.04
1788849043.552420708,4605.223161,68.378018,164.403937113,1.967280128e+09,4605256101,68378068,4.04
1788849045.582451088,4609.356764,68.381716,164.409498775,1.96749312e+09,4609389751,68381767,4.12
1788849047.612757713,4613.501882,68.387161,164.421961941,1.967898624e+09,4613534610,68387210,4.12
1788849049.643434197,4617.648908,68.391745,164.438339104,1.968386048e+09,4617681825,68391785,4.03
1788849051.674927983,4621.791982,68.39662,164.452807912,1.969381376e+09,4621824862,68396653,4.03
1788849053.705498518,4625.931564,68.402193,164.469366718,1.969012736e+09,4625962567,68402239,3.87
1788849055.734933619,4630.074962,68.405736,164.475015958,1.969139712e+09,4630109993,68405801,3.87
1788849057.767462993,4634.217561,68.409908,164.484951129,1.969614848e+09,4634248239,68409962,3.87
1788849059.796765153,4638.350993,68.42046,164.531459475,1.970061312e+09,4638383023,68420491,3.96
1788849061.826368433,4642.485614,68.423638,164.533078595,1.970704384e+09,4642518466,68423680,3.96
1788849063.857151265,4646.627998,68.428466,164.546149119,1.971044352e+09,4646658780,68428505,3.96
1788849065.886721483,4650.769701,68.4317,164.549468284,1.971789824e+09,4650800246,68431880,3.96
1788849067.917872233,4654.918374,68.43878,164.569451226,1.971736576e+09,4654953536,68438833,3.96
1788849069.949679578,4659.065775,68.444131,164.583879631,1.9719168e+09,4659096610,68444162,4.36
1788849071.979092461,4663.210617,68.447906,164.5905035,1.97292032e+09,4663241419,68447952,4.36
1788849074.008726679,4667.352637,68.454732,164.612047787,1.972989952e+09,4667383349,68454766,4.17
1788849076.039100398,4671.491753,68.457743,164.613912116,1.973686272e+09,4671530776,68457815,4.17
1788849078.073185657,4675.638754,68.463231,164.629558326,1.974902784e+09,4675669606,68463280,4.17
1788849080.102502759,4679.782455,68.468393,164.641043898,1.97496832e+09,4679815420,68468450,4.16
1788849082.132643819,4683.925311,68.471709,164.642798112,1.974632448e+09,4683958108,68471748,4.16
1788849084.163133970,4688.069459,68.477864,164.659674959,1.97525504e+09,4688102211,68477916,3.99
1788849086.193404575,4692.210664,68.483418,164.675975397,1.976283136e+09,4692245688,68483458,3.99
1788849088.224504294,4696.3509,68.491488,164.701356593,1.976758272e+09,4696383546,68492345,3.99
1788849090.255102379,4700.497862,68.496013,164.712206415,1.977565184e+09,4700531119,68496064,4.07
1788849092.285437406,4704.603465,68.512573,164.776042562,1.978875904e+09,4704634253,68512610,4.07
1788849094.315198100,4708.743866,68.523998,164.824035331,1.979916288e+09,4708774800,68524045,3.90
1788849096.344770251,4712.887322,68.527952,164.833305505,1.979322368e+09,4712936216,68532229,3.90
1788849098.389289754,4717.050417,68.538764,164.861640779,1.9800064e+09,4717091164,68539132,3.90
1788849100.423655872,4721.203031,68.54418,164.876428939,1.980588032e+09,4721235800,68544228,3.91
1788849102.454624257,4725.336667,68.547452,164.879766201,1.981403136e+09,4725369515,68547484,3.91
1788849104.485054636,4729.48025,68.556794,164.916411942,1.982554112e+09,4729510887,68556825,3.84
1788849106.515300768,4733.62143,68.561318,164.928074042,1.983102976e+09,4733652198,68561365,3.84
1788849108.546035994,4737.759909,68.584808,165.032076844,1.984159744e+09,4737802767,68590990,3.84
1788849110.589342865,4741.923912,68.613235,165.138598882,1.983614976e+09,4741956825,68613444,4.41
1788849112.620500412,4746.071577,68.617041,165.142094846,1.984380928e+09,4746104459,68617084,4.41
1788849114.651161777,4750.215613,68.623214,165.160078891,1.985138688e+09,4750246415,68623251,4.22
1788849116.680880098,4754.36281,68.630864,165.185716464,1.985921024e+09,4754397649,68630913,4.22
1788849118.712585323,4758.498197,68.63783,165.222575918,1.986842624e+09,4758531264,68637873,4.20
1788849120.743279251,4762.651904,68.643744,165.241385846,1.987633152e+09,4762690818,68644378,4.20
1788849122.777486413,4766.74781,68.652709,165.276043742,1.988268032e+09,4766765369,68652766,4.20
1788849124.809436537,4770.873249,68.657524,165.284091574,1.83011328e+09,4770905861,68657564,4.02
1788849126.839424564,4775.018426,68.661894,165.301120936,1.83046144e+09,4775049203,68661932,4.02
1788849128.869740298,4779.168639,68.668965,165.322506921,1.83083008e+09,4779199414,68669005,4.10
1788849130.898651940,4783.307887,68.67232,165.329339623,1.832054784e+09,4783338620,68672347,4.10
1788849132.927851190,4787.450963,68.67773,165.347414823,1.83250944e+09,4787483922,68677807,4.10
1788849134.959486680,4791.597591,68.681709,165.35406146,1.833013248e+09,4791628301,68681740,4.01
1788849136.989075816,4795.742015,68.686276,165.371509406,1.83363584e+09,4795774989,68686326,4.01
1788849139.019266508,4799.889064,68.694091,165.391671903,1.834360832e+09,4799919843,68694137,4.01
1788849141.048460144,4804.022706,68.697351,165.396142357,1.835184128e+09,4804055705,68697397,4.01
1788849143.079596361,4808.15521,68.70398,165.425498476,1.837473792e+09,4808194057,68704101,4.01
1788849145.113600410,4812.297834,68.707463,165.428625746,1.836703744e+09,4812330857,68707510,3.85
1788849147.143748648,4816.44332,68.712773,165.442834236,1.837453312e+09,4816473947,68712818,3.85
1788849149.173486722,4820.590888,68.717989,165.456960261,1.837715456e+09,4820623841,68718053,3.86
1788849151.203438588,4824.725957,68.721261,165.459004131,1.838518272e+09,4824758540,68721298,3.86
1788849153.233108977,4828.871849,68.727242,165.480547436,1.83934976e+09,4828904648,68727293,3.86
1788849155.263960990,4833.020324,68.731097,165.48633597,1.839726592e+09,4833053203,68731131,3.71
1788849157.294514853,4837.160949,68.736987,165.500654767,1.840340992e+09,4837194056,68737033,3.71
1788849159.325008314,4841.294786,68.744121,165.527753293,1.84045568e+09,4841327717,68744174,3.66
1788849161.355598352,4845.441565,68.747665,165.533203231,1.841184768e+09,4845474496,68747707,3.66
1788849163.385548293,4849.588315,68.75331,165.55246839,1.842008064e+09,4849620894,68753400,3.66
1788849165.415302230,4853.757301,68.760247,165.567809646,1.842900992e+09,4853790362,68760285,3.84
1788849167.446064801,4857.905988,68.763835,165.572863764,1.843494912e+09,4857938822,68763884,3.84
1788849169.477420678,4862.046505,68.769865,165.589364045,1.844543488e+09,4862079558,68769906,3.86
1788849171.508298337,4866.183312,68.775054,165.602375884,1.844965376e+09,4866216253,68775101,3.86
1788849173.539038770,4870.331181,68.781386,165.619402354,1.845133312e+09,4870361911,68781433,3.86
1788849175.569059808,4874.468729,68.784785,165.62567579,1.858424832e+09,4874501567,68784831,3.71
1788849177.599538290,4878.608958,68.7894,165.643761045,1.858998272e+09,4878643691,68789459,3.71
1788849179.630623045,4882.747817,68.795787,165.675958212,1.859530752e+09,4882778992,68795833,3.81
1788849181.660275153,4886.8807,68.800627,165.690444135,1.860009984e+09,4886913520,68800700,3.81
1788849183.691198983,4891.037161,68.808436,165.725697242,1.861025792e+09,4891072159,68808486,3.83
1788849185.722982616,4895.194976,68.812231,165.731589752,1.860620288e+09,4895230196,68812295,3.83
1788849187.755331971,4899.374166,68.819772,165.760383358,1.8613248e+09,4899407233,68819850,3.83
1788849189.787025645,4903.535367,68.829475,165.805970429,1.861783552e+09,4903574234,68830171,4.24
1788849191.823302944,4907.707171,68.833925,165.813120888,1.862504448e+09,4907744444,68833998,4.24
1788849193.855921844,4911.861851,68.844367,165.856100727,1.863520256e+09,4911892886,68844419,4.22
1788849195.886357079,4916.021708,68.848939,165.862110224,1.86484736e+09,4916059677,68850703,4.22
1788849197.922818943,4920.208789,68.859677,165.898336283,1.864572928e+09,4920258387,68861275,4.22
1788849199.965866550,4924.349071,68.907774,166.118602796,1.864790016e+09,4924391013,68907864,4.52
1788849202.001726606,4928.509703,68.912095,166.127459659,1.865568256e+09,4928540705,68912178,4.52
1788849204.031984927,4932.650196,68.91673,166.144796928,1.866428416e+09,4932682985,68916774,4.40
1788849206.063546301,4936.793188,68.922158,166.155380507,1.867083776e+09,4936830205,68922216,4.40
1788849208.098986146,4940.939278,68.92945,166.172083253,1.86824704e+09,4940969883,68929503,4.40
1788849210.129461047,4945.088231,68.936822,166.188742368,1.86898432e+09,4945123323,68936872,4.61
1788849212.161624445,4949.267235,68.942595,166.207666649,1.8689024e+09,4949304480,68942651,4.61
1788849214.193616752,4953.410221,68.948799,166.231883388,1.869418496e+09,4953445062,68948851,4.56
1788849216.224357596,4957.565655,68.953228,166.237763121,1.870290944e+09,4957600642,68953296,4.56
1788849218.256422060,4961.728903,68.964186,166.275532394,1.871040512e+09,4961769284,68965734,4.56
1788849220.293838795,4965.882163,68.971467,166.298419917,1.872326656e+09,4965913819,68971499,4.60
1788849222.323732126,4970.027178,68.974653,166.30073689,1.873547264e+09,4970058213,68974691,4.60
1788849224.353757097,4974.167559,68.982301,166.31912144,1.873498112e+09,4974200474,68982339,4.39
1788849226.385035983,4978.310677,68.987494,166.331644308,1.873780736e+09,4978345875,68987539,4.39
1788849228.416788077,4982.453836,68.992575,166.343017483,1.874440192e+09,4982493064,68992687,4.39
1788849230.452226638,4986.612817,68.998467,166.357980517,1.875390464e+09,4986645536,68998507,4.44
1788849232.482337582,4990.748627,69.002988,166.366172429,1.876148224e+09,4990779228,69003023,4.44
1788849234.511948549,4994.892589,69.007854,166.374329485,1.898418176e+09,4994925447,69007897,4.48
1788849236.542352914,4999.036043,69.012411,166.38876438,1.898913792e+09,4999069007,69012462,4.48
1788849238.573175723,5003.177014,69.019996,166.404236698,1.8992128e+09,5003216209,69020066,4.48
1788849240.610123194,5007.31854,69.027337,166.435065476,1.899053056e+09,5007351393,69027380,4.44
1788849242.640627892,5011.45408,69.031141,166.438226752,1.899728896e+09,5011491282,69031206,4.44
1788849244.673664270,5015.600507,69.036523,166.453561338,1.89997056e+09,5015631353,69036567,4.25
1788849246.703254271,5019.748276,69.042139,166.468247731,1.900433408e+09,5019780989,69042182,4.25
1788849248.733254963,5023.881479,69.048629,166.490415873,1.901084672e+09,5023914360,69048677,4.23
1788849250.764436370,5028.019275,69.052443,166.499570058,1.901735936e+09,5028054213,69052500,4.23
1788849252.795553308,5032.154928,69.057143,166.510382498,1.902166016e+09,5032191703,69057227,4.23
1788849254.827516640,5036.296032,69.063561,166.520335592,1.902051328e+09,5036326820,69063605,4.13
1788849256.857144947,5040.432487,69.06956,166.537022224,1.902788608e+09,5040469368,69069616,4.13
1788849258.889688698,5044.578554,69.073827,166.546040316,1.903476736e+09,5044611546,69073901,4.28
1788849260.919627297,5048.712845,69.078322,166.558114712,1.904214016e+09,5048745525,69078394,4.28
1788849262.951242730,5052.851658,69.082662,166.564497297,1.905135616e+09,5052890556,69082774,4.28
1788849264.985984203,5057.008968,69.086727,166.57397769,1.905799168e+09,5057043927,69086771,4.10
1788849267.020607834,5061.153063,69.092848,166.592587707,1.906184192e+09,5061184277,69092900,4.10
1788849269.050626885,5065.28928,69.096902,166.599194383,1.90644224e+09,5065322302,69097020,4.25
1788849271.082866397,5069.435414,69.10064,166.60826616,1.90715904e+09,5069468225,69100685,4.25
1788849273.113698685,5073.579844,69.104928,166.621580434,1.907974144e+09,5073616933,69105029,4.25
1788849275.147264516,5077.726433,69.109082,166.633744961,1.908682752e+09,5077759597,69109141,4.15
1788849277.177608595,5081.876538,69.113683,166.650764457,1.90971904e+09,5081907385,69113728,4.15
1788849279.207220999,5086.023599,69.120219,166.669994555,1.911169024e+09,5086056615,69120258,4.06
1788849281.239103498,5090.16499,69.124011,166.680921743,1.911025664e+09,5090197864,69124047,4.06
1788849283.270281082,5094.316356,69.129916,166.699237806,1.911267328e+09,5094356976,69129948,4.06
1788849285.305201012,5098.465581,69.133042,166.701957015,1.91178752e+09,5098494342,69133074,3.97
1788849287.334109260,5102.605176,69.139535,166.726968469,1.912643584e+09,5102644497,69140058,3.97
1788849289.372877988,5106.787698,69.15258,166.781532395,1.913339904e+09,5106825578,69152734,4.13
1788849291.407520774,5110.94273,69.158473,166.794197241,1.914912768e+09,5110973461,69158518,4.13
1788849293.437188489,5115.087734,69.165452,166.81734762,1.915236352e+09,5115120593,69165504,4.13
1788849295.467520580,5119.219965,69.169281,166.820329167,1.91494144e+09,5119260009,69169370,3.96
1788849297.501985522,5123.369626,69.173676,166.838646484,1.915727872e+09,5123402474,69173723,3.96
1788849299.532642030,5127.515977,69.185035,166.8798175,1.916837888e+09,5127552993,69185113,4.05
1788849301.566503774,5131.704144,69.192749,166.898060957,1.918337024e+09,5131747606,69192817,4.05
1788849303.607373223,5135.872171,69.199411,166.937969368,1.919647744e+09,5135902959,69199451,4.12
1788849305.637550786,5140.017607,69.202589,166.942041628,1.9219456e+09,5140050520,69202630,4.12
1788849307.667375654,5144.159892,69.209056,166.962708133,1.922220032e+09,5144192967,69209100,4.12
1788849309.697732772,5148.295247,69.213242,166.971965655,1.922064384e+09,5148330256,69213291,4.83
1788849311.728439233,5152.434291,69.21723,166.984701571,1.922850816e+09,5152464906,69217275,4.83
1788849313.757837970,5156.575718,69.221472,167.000427931,1.923649536e+09,5156608501,69221511,4.61
1788849315.788404094,5160.724036,69.224849,167.004258568,1.924173824e+09,5160756200,69224886,4.61
1788849317.818668276,5164.861051,69.230162,167.024166704,1.924988928e+09,5164896092,69230210,4.61
1788849319.850481976,5169.007754,69.235722,167.045440702,1.926692864e+09,5169046766,69235789,4.48
1788849321.885697097,5173.15713,69.239642,167.051420536,1.926459392e+09,5173190326,69239697,4.48
1788849323.916419066,5177.291575,69.244348,167.069568391,1.926680576e+09,5177324345,69244803,4.28
1788849325.947004385,5181.441363,69.248197,167.076634704,1.927327744e+09,5181480292,69248257,4.28
1788849327.981222551,5185.598789,69.254128,167.089950037,1.928237056e+09,5185631696,69254169,4.28
1788849330.013313614,5189.746637,69.259125,167.105365535,1.929097216e+09,5189781577,69259192,4.50
1788849332.044650950,5193.889062,69.262093,167.107442042,1.930010624e+09,5193921779,69262125,4.50
1788849334.074808892,5198.040818,69.268489,167.126538923,1.93077248e+09,5198071774,69268534,4.30
1788849336.105257340,5202.18378,69.271928,167.136158561,1.93148928e+09,5202218750,69271965,4.30
1788849338.138176309,5206.331448,69.277121,167.145803114,1.93161216e+09,5206373917,69279215,4.30
1788849340.175703414,5210.487296,69.286583,167.195118424,1.932435456e+09,5210520027,69286627,4.27
1788849342.205809341,5214.626996,69.290473,167.200055635,1.933320192e+09,5214661164,69290507,4.27
1788849344.236559734,5218.765377,69.295036,167.213001658,1.934307328e+09,5218798335,69295078,4.25
1788849346.267006863,5222.898248,69.300985,167.23067074,1.970294784e+09,5222935833,69301048,4.25
1788849348.299998834,5227.050854,69.305104,167.241426483,1.97132288e+09,5227085979,69305459,4.25
1788849350.331939304,5231.193809,69.308984,167.247753463,1.970438144e+09,5231226917,69309032,4.39
1788849352.362757976,5235.339348,69.3152,167.269120905,1.970622464e+09,5235370171,69315244,4.39
1788849354.392955599,5239.478044,69.320597,167.28836217,1.971027968e+09,5239509019,69320636,4.28
1788849356.422622240,5243.614389,69.326361,167.303327039,1.971474432e+09,5243647336,69326418,4.28
1788849358.453014424,5247.752332,69.329524,167.308164527,1.97195776e+09,5247788369,69333186,4.28
1788849360.486815159,5251.902457,69.339398,167.334256387,1.973235712e+09,5251935638,69339436,4.18
1788849362.517369886,5256.048386,69.343854,167.342507374,1.972846592e+09,5256081592,69343900,4.18
1788849364.547613391,5260.191188,69.349254,167.359535533,1.972768768e+09,5260222264,69349288,4.00
1788849366.578041599,5264.332581,69.35467,167.370471326,1.973334016e+09,5264363441,69354725,4.00
1788849368.607397182,5268.473722,69.359785,167.380082125,1.973784576e+09,5268506519,69359893,4.00
1788849370.637538693,5272.614902,69.364639,167.390016346,1.974358016e+09,5272647819,69364701,4.32
1788849372.668808770,5276.752253,69.367314,167.393984395,1.97521408e+09,5276785067,69367363,4.32
1788849374.699449423,5280.893373,69.374107,167.413681707,1.975611392e+09,5280924005,69374143,4.14
1788849376.728859921,5285.035947,69.379127,167.427923942,1.975312384e+09,5285066717,69379171,4.14
1788849378.759231061,5289.194427,69.391913,167.484762791,1.975853056e+09,5289226669,69392033,4.21
1788849380.790777208,5293.357038,69.396981,167.492567541,1.976061952e+09,5293390048,69397018,4.21
1788849382.821944674,5297.500982,69.401413,167.510824813,1.976979456e+09,5297535891,69401515,4.21
1788849384.853450487,5301.645307,69.406269,167.52671742,1.977704448e+09,5301675973,69406316,4.03
1788849386.883322904,5305.786269,69.411803,167.540416869,1.978220544e+09,5305821189,69411922,4.03
1788849388.915280912,5309.934229,69.416521,167.550627514,1.979060224e+09,5309971473,69416592,4.03
1788849390.948186260,5314.097371,69.422391,167.563324949,1.978609664e+09,5314138828,69423464,4.03
1788849392.985759689,5318.275789,69.430239,167.594003301,1.979273216e+09,5318308673,69430310,4.03
1788849395.018409250,5322.422306,69.434636,167.60461928,1.980071936e+09,5322455133,69434706,3.86
1788849397.048493025,5326.564,69.440375,167.615870523,1.980858368e+09,5326596896,69440417,3.86
1788849399.078598438,5330.708528,69.444932,167.623297134,1.981878272e+09,5330743414,69444977,3.96
1788849401.111571725,5334.863611,69.449634,167.638712373,1.982951424e+09,5334898534,69449692,3.96
1788849403.143304710,5339.002296,69.464967,167.684185896,1.98273024e+09,5339037149,69465013,3.96
1788849405.174581471,5343.140115,69.468735,167.695207261,1.983033344e+09,5343172919,69468773,3.80
1788849407.205026449,5347.285495,69.474385,167.706488931,1.984053248e+09,5347316160,69474427,3.80
1788849409.235048161,5351.419526,69.478825,167.72103551,1.984548864e+09,5351452262,69478874,3.89
1788849411.265654789,5355.558679,69.483569,167.735300864,1.98535168e+09,5355590673,69483636,3.89
1788849413.295444155,5359.702006,69.489369,167.75487693,1.98674432e+09,5359732749,69489399,3.89
1788849415.325067568,5363.838585,69.492609,167.758251965,1.987014656e+09,5363869566,69492647,3.82
1788849417.355173419,5367.983621,69.496893,167.772155088,1.986531328e+09,5368018406,69496942,3.82
1788849419.386839847,5372.12687,69.503533,167.796290225,1.986801664e+09,5372161962,69503613,3.76
1788849421.419438619,5376.176566,69.506995,167.806724753,1.831153664e+09,5376207365,69507030,3.76
1788849423.448724986,5380.309678,69.512002,167.826207914,1.831682048e+09,5380340534,69512058,3.76
1788849425.479245523,5384.445195,69.515038,167.82762836,1.832091648e+09,5384478129,69515083,3.62
1788849427.509536473,5388.58284,69.522072,167.856757742,1.832239104e+09,5388613543,69522105,3.62
1788849429.538283986,5392.720586,69.52721,167.877449517,1.831002112e+09,5392753551,69527264,3.65
1788849431.569211947,5396.867322,69.530192,167.881284431,1.831395328e+09,5396902415,69530274,3.65
1788849433.601779555,5401.001946,69.537086,167.915739236,1.832116224e+09,5401034862,69537137,3.65
1788849435.631554905,5405.147158,69.540459,167.917236091,1.833353216e+09,5405180088,69540491,3.68
1788849437.663014018,5409.293288,69.545503,167.929628596,1.833201664e+09,5409326025,69545532,3.68
1788849439.693777299,5413.433439,69.552919,167.955326307,1.83478272e+09,5413464538,69552963,4.02
1788849441.724131166,5417.575685,69.555977,167.958129128,1.834348544e+09,5417606432,69556016,4.02
1788849443.754310028,5421.72091,69.562337,167.979151184,1.834676224e+09,5421755756,69562374,3.86
1788849445.785351139,5425.860653,69.566193,167.987606261,1.835208704e+09,5425895663,69566258,3.86
1788849447.816632511,5429.998654,69.570267,168.000018744,1.83584768e+09,5430031535,69570327,3.86
1788849449.846706053,5434.151284,69.575104,168.01133213,1.836498944e+09,5434184319,69575138,3.79
1788849451.876992615,5438.291843,69.579104,168.022212056,1.83730176e+09,5438325143,69579183,3.79
1788849453.906540042,5442.437749,69.583929,168.034300657,1.838350336e+09,5442470563,69583981,3.65
1788849455.936845236,5446.578568,69.58776,168.04178857,1.837985792e+09,5446609173,69587829,3.65
1788849457.967161477,5450.722859,69.591577,168.057085804,1.838637056e+09,5450755623,69591634,3.65
1788849459.998175465,5454.864799,69.59656,168.07016692,1.839394816e+09,5454899288,69596609,3.59
1788849462.029673238,5458.99595,69.600769,168.080423771,1.8402304e+09,5459028803,69600807,3.59
1788849464.059812486,5463.148903,69.605968,168.09402397,1.840922624e+09,5463182011,69606005,3.55
1788849466.090718425,5467.287727,69.610415,168.101825283,1.8422784e+09,5467320882,69610462,3.55
1788849468.122807765,5471.453149,69.618765,168.121912327,1.842003968e+09,5471498416,69620517,3.55
1788849470.164306788,5475.62237,69.638963,168.199805495,1.855225856e+09,5475653243,69639023,3.74
1788849472.193742260,5479.762174,69.643039,168.208830842,1.855893504e+09,5479792979,69643082,3.74
1788849474.223080021,5483.898736,69.650291,168.235554234,1.856315392e+09,5483929915,69650335,3.60
1788849476.253338173,5488.043771,69.654736,168.243715089,1.856815104e+09,5488082867,69654809,3.60
1788849478.286248492,5492.191215,69.658647,168.252559057,1.857212416e+09,5492228120,69658708,3.60
1788849480.320100934,5496.354976,69.669327,168.284785318,1.858011136e+09,5496394394,69669435,3.64
1788849482.356606557,5500.528335,69.678725,168.315891067,1.85749504e+09,5500575240,69680077,3.64
1788849484.394522932,5504.681788,69.688417,168.354858333,1.858154496e+09,5504714616,69688463,3.50
1788849486.425511394,5508.836334,69.693616,168.370062311,1.858871296e+09,5508871097,69693692,3.50
1788849488.458074316,5512.978275,69.699835,168.386603474,1.859698688e+09,5513017258,69699941,3.50
1788849490.493365798,5517.133317,69.705282,168.405122004,1.860501504e+09,5517163879,69705428,4.10
1788849492.523198764,5521.272471,69.70982,168.41437843,1.861300224e+09,5521303319,69709863,4.10
1788849494.553429483,5525.410892,69.714627,168.432453231,1.86140672e+09,5525441608,69714666,3.94
1788849496.583332235,5529.556784,69.71979,168.45098251,1.861853184e+09,5529593736,69719843,3.94
1788849498.617044352,5533.705818,69.723566,168.458954128,1.862897664e+09,5533744815,69724937,3.94
1788849500.653139394,5537.879288,69.729035,168.469750329,1.863737344e+09,5537914568,69729095,3.94
1788849502.685224229,5542.032601,69.733796,168.482521141,1.864200192e+09,5542069578,69735296,3.94
1788849504.720635994,5546.194733,69.743741,168.516329804,1.86574848e+09,5546229910,69743823,3.95
1788849506.753357517,5550.361822,69.751406,168.54842246,1.865355264e+09,5550399227,69751483,3.95
1788849508.786166680,5554.535663,69.756804,168.564213388,1.865777152e+09,5554574546,69756952,4.19
1788849510.822347211,5558.697325,69.761407,168.574081831,1.866452992e+09,5558732512,69761455,4.19
1788849512.854070082,5562.868234,69.766664,168.585614819,1.86730496e+09,5562914234,69768597,4.19
1788849514.895541514,5567.037034,69.776294,168.615256706,1.86810368e+09,5567072335,69776344,4.10
1788849516.927227342,5571.202321,69.781678,168.638227873,1.869152256e+09,5571235099,69781734,4.10
1788849518.958497381,5575.356444,69.787507,168.646076438,1.870012416e+09,5575387630,69787550,4.09
1788849520.988131114,5579.493957,69.790846,168.653152093,1.869950976e+09,5579526733,69790915,4.09
1788849523.019040380,5583.645227,69.797579,168.673630173,1.870442496e+09,5583687447,69797816,4.09
1788849525.057206467,5587.803086,69.801484,168.682260891,1.871273984e+09,5587835719,69801531,4.00
1788849527.088002821,5591.946834,69.805444,168.693545676,1.872203776e+09,5591979871,69805515,4.00
1788849529.117496811,5596.092637,69.809927,168.705765116,1.894494208e+09,5596123371,69809971,4.40
1788849531.146825402,5600.238538,69.813635,168.709951865,1.89487104e+09,5600271634,69813690,4.40
1788849533.178136651,5604.385507,69.820123,168.733561285,1.895411712e+09,5604416215,69820165,4.40
1788849535.207740205,5608.524509,69.823771,168.734919883,1.895473152e+09,5608561636,69823846,4.21
1788849537.240967339,5612.680261,69.828701,168.747364749,1.895735296e+09,5612710962,69828739,4.21
1788849539.270297117,5616.826252,69.833721,168.761916032,1.896136704e+09,5616857074,69833754,4.03
1788849541.299994709,5620.968375,69.838571,168.775105841,1.896669184e+09,5620999139,69838604,4.03
1788849543.329439916,5625.108894,69.843667,168.787962996,1.897234432e+09,5625141719,69843703,4.03
1788849545.359782109,5629.25455,69.847765,168.795427697,1.897558016e+09,5629287569,69847820,3.95
1788849547.391288599,5633.394724,69.853038,168.813859008,1.897496576e+09,5633427461,69853109,3.95
1788849549.421457628,5637.534093,69.857498,168.828861939,1.897971712e+09,5637564805,69857533,4.03
1788849551.450775024,5641.666102,69.862048,168.839188664,1.89861888e+09,5641707220,69862276,4.03
1788849553.488042339,5645.819622,69.867471,168.858492333,1.899311104e+09,5645852653,69867519,4.03
1788849555.518853227,5649.963931,69.870566,168.860098044,1.90001152e+09,5649994668,69870601,3.87
1788849557.549069302,5654.11872,69.87626,168.880269794,1.900965888e+09,5654155651,69878324,3.87
1788849559.582049827,5658.286606,69.89329,168.960938175,1.901494272e+09,5658327814,69893357,4.04
1788849561.620013677,5662.44994,69.899104,168.97464502,1.901502464e+09,5662486161,69899630,4.04
1788849563.652943407,5666.598411,69.906311,168.995367592,1.902354432e+09,5666631776,69906351,4.04
1788849565.683577206,5670.743812,69.910516,169.000403854,1.902977024e+09,5670780847,69910598,3.96
1788849567.717365259,5674.893895,69.917941,169.020021057,1.903763456e+09,5674924728,69917993,3.96
1788849569.746923038,5679.037712,69.92258,169.035192531,1.904459776e+09,5679074939,69922647,3.80
1788849571.779435513,5683.22021,69.929367,169.053574645,1.9058688e+09,5683253126,69929475,3.80
1788849573.809503949,5687.373817,69.935399,169.074117673,1.905209344e+09,5687406730,69935464,3.66
1788849575.839587537,5691.513407,69.938509,169.075659402,1.906184192e+09,5691546244,69938547,3.66
1788849577.870283771,5695.653036,69.944154,169.089892742,1.906733056e+09,5695685651,69944210,3.66
1788849579.900438439,5699.795658,69.950463,169.115325724,1.90756864e+09,5699828489,69950494,3.60
1788849581.931251901,5703.939677,69.953422,169.118092882,1.908256768e+09,5703973256,69953478,3.60
1788849583.962511224,5708.085928,69.960282,169.138503621,1.909661696e+09,5708118720,69960323,3.47
1788849585.993769102,5712.232161,69.964451,169.153042017,1.9106816e+09,5712267257,69964536,3.47
1788849588.026251428,5716.382749,69.969122,169.162482935,1.910480896e+09,5716415596,69969219,3.47
1788849590.057162967,5720.522176,69.972224,169.166855312,1.91080448e+09,5720555023,69972288,3.36
1788849592.087661257,5724.669243,69.976868,169.177223957,1.91148032e+09,5724704079,69976923,3.36
1788849594.118290551,5728.812826,69.980971,169.186447141,1.912250368e+09,5728845621,69981011,3.25
1788849596.149107824,5732.959364,69.985453,169.196935099,1.9130368e+09,5732996032,69985544,3.25
1788849598.182029890,5737.104434,69.990724,169.219097586,1.913929728e+09,5737143282,69992093,3.25
1788849600.217904839,5741.246804,69.999873,169.251176556,1.91494144e+09,5741280029,69999920,3.15
1788849602.248783596,5745.390644,70.003268,169.256551644,1.914703872e+09,5745421395,70003299,3.15
1788849604.277778274,5749.536564,70.011341,169.283524639,1.91541248e+09,5749567443,70011390,3.05
1788849606.306865469,5753.682878,70.016488,169.298870519,1.919041536e+09,5753717980,70016545,3.05
1788849608.338687091,5757.84004,70.020427,169.30629201,1.920217088e+09,5757876092,70020485,3.05
1788849610.371336589,5761.992422,70.025044,169.322535429,1.920884736e+09,5762023313,70025085,2.97
1788849612.401268072,5766.132865,70.028247,169.325516765,1.922248704e+09,5766166065,70028287,2.97
1788849614.432181106,5770.275782,70.034592,169.349306467,1.921728512e+09,5770308902,70034626,2.97
1788849616.462819730,5774.416271,70.03811,169.359806272,1.922715648e+09,5774449106,70038153,2.97
1788849618.492706363,5778.557057,70.04205,169.368929571,1.923469312e+09,5778590171,70042098,2.97
1788849620.524507955,5782.702611,70.04654,169.381316732,1.924460544e+09,5782735529,70046595,2.97
1788849622.555211262,5786.861811,70.05069,169.392001728,1.925332992e+09,5786892613,70050726,2.97
1788849624.584770393,5790.997431,70.056099,169.405640363,1.927200768e+09,5791028488,70056146,2.90
1788849626.614681747,5795.133192,70.063688,169.426722279,1.926033408e+09,5795165807,70063725,2.90
1788849628.645338187,5799.278728,70.068026,169.433261657,1.926811648e+09,5799316708,70069613,2.90
1788849630.679578433,5803.419656,70.07286,169.438889214,1.927716864e+09,5803452533,70072906,2.82
1788849632.711247035,5807.565949,70.079388,169.457575328,1.928445952e+09,5807602835,70080532,2.82
1788849634.744638508,5811.708326,70.092619,169.504228317,1.929613312e+09,5811745411,70092661,2.76
1788849636.776681061,5815.85237,70.098132,169.52295765,1.930719232e+09,5815885175,70098168,2.76
1788849638.806485180,5819.99924,70.104066,169.534609024,1.930973184e+09,5820030336,70104115,2.70
1788849640.835809522,5824.135507,70.107099,169.537783936,1.93103872e+09,5824168571,70107139,2.70
1788849642.866625871,5828.283576,70.114624,169.558074019,1.966252032e+09,5828320676,70114668,2.70
1788849644.898463385,5832.427754,70.118773,169.566459544,1.966870528e+09,5832460866,70118817,2.72
1788849646.928632375,5836.571452,70.123472,169.582982969,1.967427584e+09,5836604322,70123516,2.72
1788849648.959044298,5840.73321,70.137834,169.651992908,1.968222208e+09,5840772518,70137888,2.98
1788849650.993539783,5844.88546,70.151134,169.723048495,1.968082944e+09,5844922547,70151209,2.98
1788849653.026582861,5849.048295,70.15604,169.737340343,1.96808704e+09,5849089289,70156285,2.98
1788849655.064153692,5853.187307,70.160771,169.748987707,1.968541696e+09,5853218125,70160822,2.91
1788849657.094112057,5857.336946,70.165183,169.765784074,1.968971776e+09,5857369059,70165220,2.91
1788849659.124300124,5861.482863,70.16965,169.772202081,1.969594368e+09,5861513709,70169702,2.83
1788849661.154824656,5865.647496,70.177718,169.813813214,1.970024448e+09,5865688261,70177855,2.83
1788849663.190397052,5869.81813,70.188132,169.856837861,1.970475008e+09,5869850913,70188197,2.83
1788849665.221452209,5873.95221,70.191847,169.862539602,1.971003392e+09,5873985262,70191881,2.85
1788849667.251984981,5878.097879,70.196554,169.882652969,1.970724864e+09,5878130109,70196832,2.85
1788849669.282274289,5882.241837,70.201982,169.891485502,1.971167232e+09,5882294292,70204656,2.86
1788849671.324463988,5886.393738,70.20972,169.917478925,1.971560448e+09,5886426616,70209763,2.86
1788849673.354618184,5890.537743,70.214058,169.929444704,1.971982336e+09,5890570775,70214107,2.86
1788849675.385393518,5894.678486,70.218498,169.933892743,1.972862976e+09,5894711145,70219882,2.79
1788849677.416110938,5898.821543,70.227248,169.959278044,1.973100544e+09,5898852346,70227295,2.79
1788849679.446232453,5902.971167,70.233186,169.975343316,1.974259712e+09,5903006216,70233249,2.81
1788849681.478172173,5907.112013,70.237275,169.985513228,1.973649408e+09,5907150891,70237506,2.81
1788849683.512677380,5911.271445,70.244055,170.00825813,1.974300672e+09,5911302191,70244099,2.81
1788849685.542510528,5915.407259,70.247464,170.016536941,1.975169024e+09,5915442293,70247536,2.74
1788849687.573977888,5919.552847,70.25264,170.036555909,1.97574656e+09,5919585777,70252689,2.74
1788849689.604592223,5923.701443,70.25766,170.048411489,1.976676352e+09,5923734523,70257701,2.84
1788849691.634996496,5927.837634,70.261481,170.055798132,1.977352192e+09,5927866296,70261515,2.84
1788849693.663846009,5931.970903,70.265968,170.072016907,1.97853184e+09,5932003611,70266007,2.84
1788849695.693744381,5936.108195,70.269425,170.073590614,1.978466304e+09,5936141331,70269479,2.86
1788849697.724286666,5940.244186,70.277163,170.103427264,1.978519552e+09,5940274830,70277223,2.86
1788849699.754168224,5944.381783,70.281896,170.118972533,1.979277312e+09,5944414678,70281964,2.79
1788849701.784659940,5948.515072,70.285169,170.120990223,1.980030976e+09,5948547997,70285210,2.79
1788849703.814199269,5952.656222,70.292049,170.150769978,1.981120512e+09,5952688912,70292089,3.12
1788849705.844830879,5956.794182,70.29608,170.15463067,1.981865984e+09,5956831228,70296176,3.12
1788849707.877459535,5960.946986,70.300913,170.173038645,1.98262784e+09,5960980249,70300955,3.12
1788849709.908214975,5965.083204,70.309005,170.195034617,1.982337024e+09,5965115894,70309073,3.03
1788849711.938911673,5969.121203,70.312066,170.199616491,1.854287872e+09,5969154231,70312119,3.03
1788849713.969932310,5973.261193,70.318149,170.22452896,1.829613568e+09,5973291909,70318187,2.95
1788849716.000206977,5977.403433,70.322625,170.236908577,1.830248448e+09,5977438234,70322695,2.95
1788849718.032080312,5981.545899,70.326639,170.245849024,1.830600704e+09,5981578782,70326672,2.95
1788849720.063334707,5985.699269,70.331925,170.26249429,1.831518208e+09,5985744067,70332483,2.87
1788849722.102253278,5989.860486,70.336993,170.275069527,1.83248896e+09,5989893607,70337035,2.87
1788849724.133204096,5994.005875,70.342056,170.288331796,1.83302144e+09,5994038480,70342093,2.89
1788849726.163380855,5998.14846,70.346375,170.299597696,1.833807872e+09,5998183635,70346463,2.89
1788849728.194773228,6002.293802,70.350648,170.307435839,1.834602496e+09,6002327853,70353564,2.89
1788849730.229696048,6006.435769,70.358958,170.3338074,1.835831296e+09,6006466554,70358996,2.81
1788849732.259218130,6010.573267,70.36275,170.344044859,1.835892736e+09,6010606198,70362808,2.81
1788849734.290034538,6014.712508,70.367839,170.359535124,1.835945984e+09,6014745334,70367882,2.75
1788849736.320873619,6018.856533,70.373236,170.375326958,1.83642112e+09,6018893131,70373677,2.75
1788849738.356379940,6023.009846,70.381915,170.415556971,1.837006848e+09,6023043832,70386646,2.75
1788849740.388566743,6027.177826,70.394317,170.448350707,1.837723648e+09,6027210877,70394372,2.85
1788849742.419308104,6031.325673,70.3988,170.450414525,1.838403584e+09,6031356279,70398831,2.85
1788849744.448771485,6035.463855,70.404168,170.476061664,1.839366144e+09,6035498977,70404224,2.78
1788849746.480047676,6039.616061,70.409844,170.501539154,1.839067136e+09,6039648841,70409875,2.78
1788849748.510748577,6043.760838,70.414684,170.509848605,1.839919104e+09,6043795920,70414748,2.78
1788849750.542958080,6047.917246,70.419645,170.525217556,1.840787456e+09,6047962737,70419730,2.72
1788849752.583652698,6052.110291,70.425625,170.539798158,1.841668096e+09,6052147651,70425671,2.72
1788849754.616727809,6056.254339,70.435703,170.583476658,1.8429952e+09,6056287115,70435734,2.66
1788849756.646231261,6060.396098,70.442391,170.599305414,1.843863552e+09,6060428768,70442433,2.66
1788849758.676296437,6064.533214,70.447032,170.613035917,1.843613696e+09,6064566035,70447078,2.66
1788849760.706618500,6068.661371,70.451493,170.622264262,1.84393728e+09,6068696248,70451531,2.61
1788849762.738203841,6072.803455,70.455872,170.637511972,1.857540096e+09,6072840558,70456583,2.61
1788849764.773380443,6076.977376,70.46361,170.656948597,1.8579456e+09,6077012226,70463679,2.64
1788849766.804441064,6081.130458,70.468655,170.674300881,1.858613248e+09,6081161446,70468706,2.64
1788849768.833796974,6085.270902,70.475817,170.691498294,1.859239936e+09,6085303789,70475862,2.59
1788849770.863492240,6089.410922,70.480946,170.699727193,1.859166208e+09,6089441591,70481006,2.59
1788849772.894421016,6093.553602,70.49106,170.719481391,1.859784704e+09,6093590543,70491141,2.59
1788849774.928249116,6097.702337,70.498801,170.733198004,1.860366336e+09,6097735175,70498835,2.54
1788849776.959213591,6101.854426,70.503338,170.749977955,1.860800512e+09,6101887356,70503376,2.54
1788849778.989207768,6106.004102,70.507718,170.760249189,1.861541888e+09,6106037134,70507763,2.50
1788849781.019224233,6110.139306,70.512677,170.77974837,1.862688768e+09,6110172146,70512723,2.50
1788849783.049990036,6114.284597,70.518829,170.79743127,1.863487488e+09,6114321169,70520591,2.50
1788849785.082604538,6118.430636,70.524368,170.809516425,1.863303168e+09,6118463648,70524416,2.54
1788849787.113102792,6122.573042,70.53076,170.826537433,1.86382336e+09,6122608073,70530843,2.54
1788849789.145097031,6126.719389,70.535099,170.836173903,1.864781824e+09,6126750261,70535133,2.57
1788849791.174464679,6130.851851,70.539973,170.842455659,1.865293824e+09,6130884587,70540051,2.57
1788849793.205310601,6135.000754,70.545742,170.861925387,1.866088448e+09,6135031639,70545786,2.57
1788849795.235166559,6139.140753,70.549871,170.871222407,1.867399168e+09,6139171563,70549918,2.53
1788849797.265468378,6143.284545,70.553372,170.877622892,1.868496896e+09,6143317576,70553436,2.53
1788849799.295744277,6147.428082,70.559533,170.890280302,1.867771904e+09,6147460836,70559567,2.49
1788849801.326307373,6151.571466,70.563091,170.892714126,1.868681216e+09,6151604436,70563128,2.49
1788849803.357373097,6155.713948,70.56859,170.909419208,1.869316096e+09,6155748864,70569126,2.49
1788849805.388823093,6159.865649,70.573803,170.921721166,1.870180352e+09,6159896530,70573850,2.45
1788849807.419398416,6164.012754,70.577886,170.928560901,1.870983168e+09,6164043374,70577960,2.45
1788849809.449395698,6168.157374,70.584185,170.947266233,1.872064512e+09,6168188144,70584237,2.41
1788849811.478870439,6172.291648,70.586957,170.948713705,1.872461824e+09,6172328710,70587006,2.41
1788849813.511199726,6176.431325,70.592195,170.961060448,1.8726912e+09,6176468404,70592247,2.41
1788849815.544436132,6180.579942,70.596516,170.967500386,1.873506304e+09,6180610564,70596546,2.38
1788849817.574198945,6184.734169,70.602793,170.986078323,1.874501632e+09,6184769359,70602856,2.38
1788849819.608768747,6188.913115,70.610506,171.015999457,1.875689472e+09,6188946362,70610578,2.59
1788849821.639955367,6193.076682,70.617084,171.035148568,1.89796352e+09,6193113555,70617201,2.59
1788849823.674727360,6197.238651,70.62442,171.066964046,1.897836544e+09,6197274480,70624521,2.59
1788849825.708140570,6201.406924,70.629786,171.072859095,1.898131456e+09,6201440020,70629842,2.62
1788849827.739587471,6205.568017,70.643951,171.12964238,1.8983936e+09,6205615998,70645935,2.62
1788849829.781878744,6209.695879,70.685726,171.371266168,1.899036672e+09,6209734353,70685973,2.89
1788849831.816593123,6213.868418,70.693513,171.410393726,1.89939712e+09,6213903322,70693564,2.89
1788849833.848323947,6218.039742,70.704988,171.453606431,1.900191744e+09,6218074971,70705053,3.22
1788849835.881928995,6222.18817,70.709284,171.458119548,1.89970432e+09,6222221450,70709330,3.22
1788849837.912612666,6226.327011,70.715809,171.478822107,1.900187648e+09,6226359774,70715880,3.22
1788849839.942488270,6230.477892,70.720279,171.489352258,1.90062592e+09,6230515013,70720341,3.20
1788849841.975161772,6234.640321,70.732577,171.534962666,1.901207552e+09,6234673386,70732632,3.20
1788849844.005845437,6238.788382,70.740426,171.566329407,1.902034944e+09,6238823051,70740486,3.11
1788849846.037569985,6242.931563,70.74521,171.575957338,1.903026176e+09,6242964227,70745358,3.11
1788849848.067973487,6247.076406,70.75069,171.586957877,1.903337472e+09,6247107467,70750731,3.11
1788849850.097856124,6251.208951,70.75704,171.613552331,1.903456256e+09,6251239716,70757078,3.02
1788849852.128255226,6255.354573,70.760382,171.615972443,1.904246784e+09,6255387424,70760416,3.02
1788849854.159677101,6259.493963,70.765951,171.628801389,1.904996352e+09,6259526895,70766005,2.94
1788849856.191158066,6263.633466,70.773374,171.644726913,1.905913856e+09,6263668620,70773419,2.94
1788849858.224765301,6267.775104,70.778147,171.656456827,1.90676992e+09,6267809724,70778971,2.94
1788849860.256060595,6271.918107,70.78215,171.663062328,1.907818496e+09,6271950683,70782198,2.86
1788849862.286668666,6276.057887,70.786422,171.676050111,1.908424704e+09,6276090899,70786481,2.86
1788849864.316412829,6280.20476,70.791047,171.683324179,1.90810112e+09,6280235588,70791105,2.79
1788849866.346160903,6284.358478,70.796471,171.702197434,1.90889984e+09,6284389643,70796531,2.79
1788849868.378822642,6288.501313,70.80162,171.716155259,1.909665792e+09,6288544833,70801706,2.79
1788849870.417290839,6292.668182,70.807143,171.729290865,1.91049728e+09,6292698988,70807179,2.97
1788849872.446838694,6296.808561,70.810254,171.730606602,1.911558144e+09,6296843403,70810365,2.97
1788849874.479480058,6300.952927,70.816231,171.748943308,1.912696832e+09,6300983619,70816276,2.89
1788849876.509146720,6305.094277,70.823368,171.772050072,1.912922112e+09,6305127869,70823424,2.89
1788849878.540609457,6309.235246,70.827762,171.783314289,1.913184256e+09,6309270750,70827808,2.89
1788849880.572690072,6313.383307,70.834621,171.802354898,1.913593856e+09,6313416134,70834666,2.82
1788849882.603163920,6317.526681,70.838192,171.808066554,1.914617856e+09,6317559730,70838233,2.82
1788849884.633466839,6321.669846,70.843561,171.825580661,1.915392e+09,6321702580,70843648,2.75
1788849886.663699531,6325.815409,70.848635,171.84026675,1.9160064e+09,6325846283,70848675,2.75
1788849888.692836792,6329.968039,70.854039,171.854729789,1.917026304e+09,6329999101,70854072,2.75
1788849890.722676430,6334.10926,70.858838,171.859307813,1.917841408e+09,6334142394,70858907,2.85
1788849892.752852187,6338.244828,70.868058,171.884977136,1.91780864e+09,6338280763,70868390,2.85
1788849894.787934857,6342.395311,70.874485,171.900873257,1.918578688e+09,6342428237,70874519,2.78
1788849896.817798377,6346.547046,70.88068,171.918136472,1.919553536e+09,6346578064,70880728,2.78
1788849898.847712262,6350.691309,70.885655,171.93100359,1.920331776e+09,6350726366,70885699,2.72
1788849900.879652074,6354.843846,70.89104,171.944219736,1.921191936e+09,6354880276,70894933,2.72
1788849902.918657231,6358.991861,70.900767,171.970857215,1.923862528e+09,6359026495,70900825,2.72
1788849904.951699726,6363.136233,70.905081,171.983748555,1.924354048e+09,6363167421,70905127,2.66
1788849906.981734086,6367.27406,70.91019,172.003040663,1.924263936e+09,6367306713,70910224,2.66
1788849909.012504948,6371.42221,70.914297,172.014106631,1.925070848e+09,6371454686,70914373,2.61
1788849911.042428850,6375.561113,70.918309,172.025104288,1.926160384e+09,6375596911,70918370,2.61
1788849913.074515474,6379.711309,70.923652,172.038117492,1.926770688e+09,6379748280,70923706,2.61
1788849915.109706068,6383.862749,70.927314,172.0404915,1.927974912e+09,6383893608,70927350,2.56
1788849917.141186465,6388.009234,70.932665,172.06202989,1.928978432e+09,6388044165,70932714,2.56
1788849919.173491848,6392.157062,70.950125,172.133768858,1.9290112e+09,6392196026,70950432,2.76
1788849921.207294630,6396.320432,70.956621,172.15270772,1.92927744e+09,6396353539,70956674,2.76
1788849923.238507898,6400.46795,70.962467,172.178521048,1.930149888e+09,6400498663,70962507,2.76
1788849925.267986122,6404.604762,70.966267,172.182360831,1.931055104e+09,6404637680,70966309,2.70
1788849927.299487100,6408.757357,70.973236,172.210535664,1.931972608e+09,6408792510,70973289,2.70
1788849929.330737266,6412.900024,70.979668,172.228240595,1.932980224e+09,6412939046,70979726,2.64
1788849931.365053810,6417.072823,70.984225,172.23885754,1.934053376e+09,6417117922,70984440,2.64
1788849933.405455460,6421.247718,70.993158,172.275922502,1.933918208e+09,6421286865,70993224,2.64
1788849935.438102965,6425.398526,70.996553,172.281612684,1.934589952e+09,6425429473,70996584,2.59
1788849937.467376422,6429.521823,71.006513,172.327060519,1.970487296e+09,6429555359,71006579,2.59
1788849939.497356083,6433.671976,71.010885,172.339684524,1.97062656e+09,6433706663,71011000,2.54
1788849941.527903472,6437.812585,71.014531,172.344002773,1.971441664e+09,6437845626,71014602,2.54
1788849943.558867274,6441.961168,71.019412,172.370228829,1.971707904e+09,6441992007,71019550,2.54
1788849945.589155093,6446.09606,71.023182,172.376205286,1.971716096e+09,6446131056,71023232,2.98
1788849947.620833088,6450.244372,71.030112,172.405291696,1.97175296e+09,6450277197,71030163,2.98
1788849949.651062493,6454.396699,71.034589,172.4203936,1.97218304e+09,6454429585,71034654,2.98
1788849951.682315475,6458.487762,71.04582,172.489696343,1.972727808e+09,6458520603,71045865,2.98
1788849953.713146512,6462.632015,71.050417,172.499300875,1.973170176e+09,6462664920,71050476,2.98
1788849955.744555723,6466.776666,71.054114,172.507518061,1.97388288e+09,6466817062,71055602,2.90
1788849957.779020988,6470.931657,71.060797,172.52557138,1.973751808e+09,6470964797,71060833,2.90
1788849959.809938679,6475.068594,71.067425,172.557280269,1.973899264e+09,6475101626,71067486,2.83
1788849961.841161408,6479.205386,71.071676,172.568298689,1.974419456e+09,6479244310,71071744,2.83
1788849963.874764123,6483.347188,71.076926,172.58631164,1.975902208e+09,6483380269,71076978,2.76
1788849965.905207311,6487.490534,71.081149,172.596141653,1.975595008e+09,6487529661,71081246,2.76
1788849967.938471621,6491.635025,71.08593,172.610997411,1.97609472e+09,6491668027,71085991,2.76
1788849969.969521389,6495.779038,71.09235,172.641804278,1.976971264e+09,6495810271,71092414,2.70
1788849972.001428616,6499.916951,71.096735,172.649626995,1.976672256e+09,6499950045,71096766,2.70
1788849974.031613873,6504.057904,71.101121,172.662537611,1.976823808e+09,6504090837,71101160,2.64
1788849976.061839827,6508.206531,71.105845,172.675421997,1.977421824e+09,6508239857,71105901,2.64
1788849978.092615240,6512.345474,71.111018,172.69328546,1.978126336e+09,6512378230,71111055,2.64
1788849980.123343054,6516.494421,71.115254,172.701407715,1.978855424e+09,6516529196,71115298,2.59
1788849982.154262667,6520.63828,71.11957,172.712986402,1.979949056e+09,6520672889,71119620,2.59
1788849984.185555739,6524.781356,71.123815,172.725979673,1.980121088e+09,6524816334,71123877,2.63
1788849986.217659111,6528.925818,71.129562,172.7483065,1.980243968e+09,6528960838,71129610,2.63
1788849988.249150158,6533.074802,71.133804,172.760034168,1.98111232e+09,6533114085,71133892,2.63
1788849990.283275529,6537.234002,71.137646,172.765485578,1.981898752e+09,6537266758,71137693,2.66
1788849992.313434999,6541.369442,71.140978,172.773452634,1.982562304e+09,6541400267,71141029,2.66
1788849994.343949667,6545.50919,71.146688,172.78930135,1.98352896e+09,6545541937,71146727,2.68
1788849996.375257066,6549.652576,71.150807,172.800677077,1.984454656e+09,6549691835,71151290,2.68
1788849998.409922723,6553.798019,71.158613,172.824090165,1.984929792e+09,6553842985,71158691,2.68
1788850000.447549665,6557.951803,71.162073,172.831131416,1.984847872e+09,6557982540,71162107,2.79
